League;Date;Get;Pay;Value;Confidence
Hardcore;2024-04-04;Perandus Coin;Chaos Orb;0.01923;Low
Hardcore;2024-04-05;Perandus Coin;Chaos Orb;0.01923;Low
Hardcore;2024-04-06;Perandus Coin;Chaos Orb;0.01923;Low
Hardcore;2024-04-14;Perandus Coin;Chaos Orb;0.01923;Low
Hardcore;2024-04-15;Perandus Coin;Chaos Orb;0.01923;Low
Hardcore;2024-04-16;Perandus Coin;Chaos Orb;0.01923;Low
Hardcore;2024-04-17;Perandus Coin;Chaos Orb;0.01923;Low
Hardcore;2024-04-18;Perandus Coin;Chaos Orb;0.01923;Low
Hardcore;2024-04-19;Perandus Coin;Chaos Orb;0.01923;Low
Hardcore;2024-04-20;Perandus Coin;Chaos Orb;0.01923;Low
Hardcore;2024-04-21;Perandus Coin;Chaos Orb;0.01923;Low
Hardcore;2024-04-22;Perandus Coin;Chaos Orb;0.01923;Low
Hardcore;2024-04-23;Perandus Coin;Chaos Orb;0.01923;Low
Hardcore;2024-04-24;Perandus Coin;Chaos Orb;0.01923;Low
Hardcore;2024-04-25;Perandus Coin;Chaos Orb;0.01923;Low
Hardcore;2024-04-13;Chaos Orb;Orb of Alteration;2.7876;Low
Hardcore;2024-04-04;Exalted Orb;Chaos Orb;145;Low
Hardcore;2024-04-07;Exalted Orb;Chaos Orb;20;Low
Hardcore;2024-04-14;Exalted Orb;Chaos Orb;30;Low
Hardcore;2024-04-15;Exalted Orb;Chaos Orb;30;Low
Hardcore;2024-04-16;Exalted Orb;Chaos Orb;30;Low
Hardcore;2024-04-17;Exalted Orb;Chaos Orb;30;Low
Hardcore;2024-04-18;Exalted Orb;Chaos Orb;30;Low
Hardcore;2024-04-19;Exalted Orb;Chaos Orb;30;Low
Hardcore;2024-04-20;Exalted Orb;Chaos Orb;30;Low
Hardcore;2024-04-21;Exalted Orb;Chaos Orb;25.7148;Low
Hardcore;2024-04-22;Exalted Orb;Chaos Orb;25.7148;Low
Hardcore;2024-04-23;Exalted Orb;Chaos Orb;25.7148;Low
Hardcore;2024-04-24;Exalted Orb;Chaos Orb;25.7148;Low
Hardcore;2024-04-27;Exalted Orb;Chaos Orb;21.429;Low
Hardcore;2024-04-04;Orb of Transmutation;Chaos Orb;0.1032;Low
Hardcore;2024-04-05;Orb of Transmutation;Chaos Orb;0.1032;Low
Hardcore;2024-04-06;Orb of Transmutation;Chaos Orb;0.29288;Low
Hardcore;2024-04-07;Orb of Transmutation;Chaos Orb;0.29288;Low
Hardcore;2024-04-08;Orb of Transmutation;Chaos Orb;0.38256;Low
Hardcore;2024-04-09;Orb of Transmutation;Chaos Orb;0.28256;Low
Hardcore;2024-04-10;Orb of Transmutation;Chaos Orb;0.28256;Low
Hardcore;2024-04-11;Orb of Transmutation;Chaos Orb;0.48256;Low
Hardcore;2024-04-12;Orb of Transmutation;Chaos Orb;0.29288;Low
Hardcore;2024-04-13;Orb of Transmutation;Chaos Orb;0.69288;Low
Hardcore;2024-04-14;Orb of Transmutation;Chaos Orb;0.29288;Low
Hardcore;2024-04-15;Orb of Transmutation;Chaos Orb;0.1032;Low
Hardcore;2024-04-16;Orb of Transmutation;Chaos Orb;0.1032;Low
Hardcore;2024-04-17;Orb of Transmutation;Chaos Orb;0.1032;Low
Hardcore;2024-07-17;Orb of Transmutation;Chaos Orb;5;Low
Hardcore;2024-07-18;Orb of Transmutation;Chaos Orb;5;Low
Hardcore;2024-07-19;Orb of Transmutation;Chaos Orb;5;Low
Hardcore;2024-07-20;Orb of Transmutation;Chaos Orb;5;Low
Hardcore;2024-07-21;Orb of Transmutation;Chaos Orb;5;Low
Hardcore;2024-07-22;Orb of Transmutation;Chaos Orb;5;Low
Hardcore;2024-07-23;Orb of Transmutation;Chaos Orb;5;Low
Hardcore;2024-04-04;Blacksmith's Whetstone;Chaos Orb;0.1;Low
Hardcore;2024-04-05;Blacksmith's Whetstone;Chaos Orb;2;Low
Hardcore;2024-04-06;Blacksmith's Whetstone;Chaos Orb;2;Low
Hardcore;2024-04-07;Blacksmith's Whetstone;Chaos Orb;2;Low
Hardcore;2024-04-08;Blacksmith's Whetstone;Chaos Orb;2.4;Low
Hardcore;2024-04-09;Blacksmith's Whetstone;Chaos Orb;2;Low
Hardcore;2024-04-10;Blacksmith's Whetstone;Chaos Orb;2.2;Low
Hardcore;2024-04-11;Blacksmith's Whetstone;Chaos Orb;2.4;Low
Hardcore;2024-04-12;Blacksmith's Whetstone;Chaos Orb;2.4;Low
Hardcore;2024-04-13;Blacksmith's Whetstone;Chaos Orb;6;Low
Hardcore;2024-04-14;Blacksmith's Whetstone;Chaos Orb;6;Low
Hardcore;2024-07-17;Blacksmith's Whetstone;Chaos Orb;5;Low
Hardcore;2024-07-18;Blacksmith's Whetstone;Chaos Orb;5;Low
Hardcore;2024-07-19;Blacksmith's Whetstone;Chaos Orb;5;Low
Hardcore;2024-07-20;Blacksmith's Whetstone;Chaos Orb;5;Low
Hardcore;2024-07-21;Blacksmith's Whetstone;Chaos Orb;5;Low
Hardcore;2024-07-22;Blacksmith's Whetstone;Chaos Orb;5;Low
Hardcore;2024-07-23;Blacksmith's Whetstone;Chaos Orb;5;Low
Hardcore;2024-04-04;Armourer's Scrap;Chaos Orb;0.1;Low
Hardcore;2024-04-05;Armourer's Scrap;Chaos Orb;2;Low
Hardcore;2024-04-06;Armourer's Scrap;Chaos Orb;2;Low
Hardcore;2024-04-07;Armourer's Scrap;Chaos Orb;2;Low
Hardcore;2024-04-08;Armourer's Scrap;Chaos Orb;2;Low
Hardcore;2024-04-09;Armourer's Scrap;Chaos Orb;2;Low
Hardcore;2024-04-10;Armourer's Scrap;Chaos Orb;2;Low
Hardcore;2024-04-11;Armourer's Scrap;Chaos Orb;2;Low
Hardcore;2024-04-12;Armourer's Scrap;Chaos Orb;2;Low
Hardcore;2024-04-13;Armourer's Scrap;Chaos Orb;2;Low
Hardcore;2024-04-14;Armourer's Scrap;Chaos Orb;2;Low
Hardcore;2024-05-17;Armourer's Scrap;Chaos Orb;0.03425;Low
Hardcore;2024-05-18;Armourer's Scrap;Chaos Orb;0.03425;Low
Hardcore;2024-05-19;Armourer's Scrap;Chaos Orb;0.03425;Low
Hardcore;2024-05-20;Armourer's Scrap;Chaos Orb;0.03425;Low
Hardcore;2024-05-21;Armourer's Scrap;Chaos Orb;0.03425;Low
Hardcore;2024-05-22;Armourer's Scrap;Chaos Orb;0.03425;Low
Hardcore;2024-05-23;Armourer's Scrap;Chaos Orb;0.03425;Low
Hardcore;2024-05-24;Armourer's Scrap;Chaos Orb;0.03425;Low
Hardcore;2024-07-17;Armourer's Scrap;Chaos Orb;5;Low
Hardcore;2024-07-18;Armourer's Scrap;Chaos Orb;5;Low
Hardcore;2024-07-19;Armourer's Scrap;Chaos Orb;5;Low
Hardcore;2024-07-20;Armourer's Scrap;Chaos Orb;5;Low
Hardcore;2024-07-21;Armourer's Scrap;Chaos Orb;5;Low
Hardcore;2024-07-22;Armourer's Scrap;Chaos Orb;5;Low
Hardcore;2024-07-23;Armourer's Scrap;Chaos Orb;5;Low
Hardcore;2024-04-04;Chaos Orb;Exalted Orb;0.05;Low
Hardcore;2024-04-05;Chaos Orb;Exalted Orb;0.05;Low
Hardcore;2024-07-06;Chaos Orb;Exalted Orb;0.06667;Low
Hardcore;2024-07-07;Chaos Orb;Exalted Orb;0.06667;Low
Hardcore;2024-07-08;Chaos Orb;Exalted Orb;0.06667;Low
Hardcore;2024-07-09;Chaos Orb;Exalted Orb;0.06667;Low
Hardcore;2024-07-10;Chaos Orb;Exalted Orb;0.06667;Low
Hardcore;2024-07-11;Chaos Orb;Exalted Orb;0.06667;Low
Hardcore;2024-07-12;Chaos Orb;Exalted Orb;0.06667;Low
Hardcore;2024-07-13;Chaos Orb;Exalted Orb;0.06667;Low
Hardcore;2024-07-14;Chaos Orb;Exalted Orb;0.06667;Low
Hardcore;2024-07-15;Chaos Orb;Exalted Orb;0.05;Low
Hardcore;2024-07-16;Chaos Orb;Exalted Orb;0.05;Low
Hardcore;2024-07-17;Chaos Orb;Exalted Orb;0.05;Low
Hardcore;2024-07-18;Chaos Orb;Exalted Orb;0.05;Low
Hardcore;2024-07-19;Chaos Orb;Exalted Orb;0.05;Low
Hardcore;2024-07-20;Chaos Orb;Exalted Orb;0.05;Low
Hardcore;2024-07-21;Chaos Orb;Exalted Orb;0.05;Low
Hardcore;2024-07-22;Chaos Orb;Exalted Orb;0.05;Low
Hardcore;2024-04-04;Orb of Augmentation;Chaos Orb;0.085;Low
Hardcore;2024-04-05;Orb of Augmentation;Chaos Orb;0.085;Low
Hardcore;2024-04-06;Orb of Augmentation;Chaos Orb;0.09417;Low
Hardcore;2024-04-07;Orb of Augmentation;Chaos Orb;0.16;Low
Hardcore;2024-04-08;Orb of Augmentation;Chaos Orb;0.16083;Low
Hardcore;2024-04-09;Orb of Augmentation;Chaos Orb;0.16083;Low
Hardcore;2024-04-10;Orb of Augmentation;Chaos Orb;0.16083;Low
Hardcore;2024-04-11;Orb of Augmentation;Chaos Orb;0.52666;Low
Hardcore;2024-04-12;Orb of Augmentation;Chaos Orb;0.3425;Low
Hardcore;2024-04-13;Orb of Augmentation;Chaos Orb;0.7425;Low
Hardcore;2024-04-14;Orb of Augmentation;Chaos Orb;0.3425;Low
Hardcore;2024-04-15;Orb of Augmentation;Chaos Orb;0.07584;Low
Hardcore;2024-04-16;Orb of Augmentation;Chaos Orb;0.07584;Low
Hardcore;2024-04-17;Orb of Augmentation;Chaos Orb;0.07584;Low
Hardcore;2024-04-18;Orb of Augmentation;Chaos Orb;0.06667;Low
Hardcore;2024-04-19;Orb of Augmentation;Chaos Orb;0.06667;Low
Hardcore;2024-04-20;Orb of Augmentation;Chaos Orb;0.06667;Low
Hardcore;2024-04-21;Orb of Augmentation;Chaos Orb;0.06667;Low
Hardcore;2024-04-22;Orb of Augmentation;Chaos Orb;0.06667;Low
Hardcore;2024-04-23;Orb of Augmentation;Chaos Orb;0.06667;Low
Hardcore;2024-04-24;Orb of Augmentation;Chaos Orb;0.06667;Low
Hardcore;2024-04-25;Orb of Augmentation;Chaos Orb;0.06667;Low
Hardcore;2024-07-17;Orb of Augmentation;Chaos Orb;5;Low
Hardcore;2024-07-18;Orb of Augmentation;Chaos Orb;5;Low
Hardcore;2024-07-19;Orb of Augmentation;Chaos Orb;6;Low
Hardcore;2024-07-20;Orb of Augmentation;Chaos Orb;6;Low
Hardcore;2024-07-21;Orb of Augmentation;Chaos Orb;6;Low
Hardcore;2024-07-22;Orb of Augmentation;Chaos Orb;6;Low
Hardcore;2024-07-23;Orb of Augmentation;Chaos Orb;5;Low
Hardcore;2024-04-04;Orb of Alteration;Chaos Orb;0.14;Low
Hardcore;2024-04-05;Orb of Alteration;Chaos Orb;0.13666;Low
Hardcore;2024-04-06;Orb of Alteration;Chaos Orb;0.14;Low
Hardcore;2024-04-07;Orb of Alteration;Chaos Orb;0.14;Low
Hardcore;2024-04-08;Orb of Alteration;Chaos Orb;0.14333;Low
Hardcore;2024-04-09;Orb of Alteration;Chaos Orb;0.14333;Low
Hardcore;2024-04-10;Orb of Alteration;Chaos Orb;0.14333;Low
Hardcore;2024-04-11;Orb of Alteration;Chaos Orb;2;Low
Hardcore;2024-04-12;Orb of Alteration;Chaos Orb;2;Low
Hardcore;2024-04-13;Orb of Alteration;Chaos Orb;2;Low
Hardcore;2024-04-14;Orb of Alteration;Chaos Orb;2;Low
Hardcore;2024-04-17;Orb of Alteration;Chaos Orb;0.38394;Low
Hardcore;2024-04-18;Orb of Alteration;Chaos Orb;0.38394;Low
Hardcore;2024-04-19;Orb of Alteration;Chaos Orb;0.46494;Low
Hardcore;2024-04-20;Orb of Alteration;Chaos Orb;0.46494;Low
Hardcore;2024-04-21;Orb of Alteration;Chaos Orb;0.46494;Low
Hardcore;2024-04-22;Orb of Alteration;Chaos Orb;0.19666;Low
Hardcore;2024-04-23;Orb of Alteration;Chaos Orb;0.19666;Low
Hardcore;2024-04-24;Orb of Alteration;Chaos Orb;0.19666;Low
Hardcore;2024-04-25;Orb of Alteration;Chaos Orb;0.13333;Low
Hardcore;2024-04-26;Orb of Alteration;Chaos Orb;0.13333;Low
Hardcore;2024-04-27;Orb of Alteration;Chaos Orb;0.13333;Low
Hardcore;2024-04-28;Orb of Alteration;Chaos Orb;0.13333;Low
Hardcore;2024-04-29;Orb of Alteration;Chaos Orb;0.13333;Low
Hardcore;2024-07-06;Orb of Alteration;Chaos Orb;0.16667;Low
Hardcore;2024-07-07;Orb of Alteration;Chaos Orb;0.16667;Low
Hardcore;2024-07-08;Orb of Alteration;Chaos Orb;0.16667;Low
Hardcore;2024-07-09;Orb of Alteration;Chaos Orb;0.16667;Low
Hardcore;2024-07-10;Orb of Alteration;Chaos Orb;0.16667;Low
Hardcore;2024-07-11;Orb of Alteration;Chaos Orb;0.16667;Low
Hardcore;2024-07-12;Orb of Alteration;Chaos Orb;0.16667;Low
Hardcore;2024-07-13;Orb of Alteration;Chaos Orb;0.16667;Low
Hardcore;2024-07-14;Orb of Alteration;Chaos Orb;0.16667;Low
Hardcore;2024-07-15;Orb of Alteration;Chaos Orb;0.16667;Low
Hardcore;2024-07-16;Orb of Alteration;Chaos Orb;0.16667;Low
Hardcore;2024-07-17;Orb of Alteration;Chaos Orb;0.16667;Low
Hardcore;2024-07-18;Orb of Alteration;Chaos Orb;0.65;Low
Hardcore;2024-07-19;Orb of Alteration;Chaos Orb;1.13334;Low
Hardcore;2024-07-20;Orb of Alteration;Chaos Orb;1.13334;Low
Hardcore;2024-07-21;Orb of Alteration;Chaos Orb;1.13334;Low
Hardcore;2024-07-22;Orb of Alteration;Chaos Orb;1.13334;Low
Hardcore;2024-07-23;Orb of Alteration;Chaos Orb;5;Low
Hardcore;2024-04-04;Jeweller's Orb;Chaos Orb;0.1;Low
Hardcore;2024-04-05;Jeweller's Orb;Chaos Orb;0.1;Low
Hardcore;2024-04-06;Jeweller's Orb;Chaos Orb;0.29;Low
Hardcore;2024-04-07;Jeweller's Orb;Chaos Orb;0.29;Low
Hardcore;2024-04-08;Jeweller's Orb;Chaos Orb;0.48;Low
Hardcore;2024-04-09;Jeweller's Orb;Chaos Orb;0.48;Low
Hardcore;2024-04-10;Jeweller's Orb;Chaos Orb;0.48;Low
Hardcore;2024-04-11;Jeweller's Orb;Chaos Orb;2;Low
Hardcore;2024-04-12;Jeweller's Orb;Chaos Orb;2;Low
Hardcore;2024-04-13;Jeweller's Orb;Chaos Orb;2;Low
Hardcore;2024-04-14;Jeweller's Orb;Chaos Orb;2;Low
Hardcore;2024-07-17;Jeweller's Orb;Chaos Orb;5;Low
Hardcore;2024-07-18;Jeweller's Orb;Chaos Orb;5;Low
Hardcore;2024-07-19;Jeweller's Orb;Chaos Orb;5;Low
Hardcore;2024-07-20;Jeweller's Orb;Chaos Orb;5;Low
Hardcore;2024-07-21;Jeweller's Orb;Chaos Orb;5;Low
Hardcore;2024-07-22;Jeweller's Orb;Chaos Orb;5;Low
Hardcore;2024-07-23;Jeweller's Orb;Chaos Orb;5;Low
Hardcore;2024-04-04;Orb of Fusing;Chaos Orb;0.25;Low
Hardcore;2024-04-05;Orb of Fusing;Chaos Orb;0.25;Low
Hardcore;2024-04-06;Orb of Fusing;Chaos Orb;0.425;Low
Hardcore;2024-04-07;Orb of Fusing;Chaos Orb;0.425;Low
Hardcore;2024-04-08;Orb of Fusing;Chaos Orb;0.6;Low
Hardcore;2024-04-09;Orb of Fusing;Chaos Orb;0.6;Low
Hardcore;2024-04-10;Orb of Fusing;Chaos Orb;0.275;Low
Hardcore;2024-04-11;Orb of Fusing;Chaos Orb;0.66666;Low
Hardcore;2024-04-12;Orb of Fusing;Chaos Orb;0.66666;Low
Hardcore;2024-04-13;Orb of Fusing;Chaos Orb;0.9;Low
Hardcore;2024-04-14;Orb of Fusing;Chaos Orb;0.5;Low
Hardcore;2024-04-15;Orb of Fusing;Chaos Orb;0.33333;Low
Hardcore;2024-04-16;Orb of Fusing;Chaos Orb;0.33333;Low
Hardcore;2024-04-18;Orb of Fusing;Chaos Orb;0.33333;Low
Hardcore;2024-04-19;Orb of Fusing;Chaos Orb;0.33333;Low
Hardcore;2024-04-20;Orb of Fusing;Chaos Orb;0.33333;Low
Hardcore;2024-04-21;Orb of Fusing;Chaos Orb;0.33333;Low
Hardcore;2024-04-22;Orb of Fusing;Chaos Orb;0.33333;Low
Hardcore;2024-04-23;Orb of Fusing;Chaos Orb;0.33333;Low
Hardcore;2024-04-24;Orb of Fusing;Chaos Orb;0.33333;Low
Hardcore;2024-04-25;Orb of Fusing;Chaos Orb;0.33333;Low
Hardcore;2024-04-26;Orb of Fusing;Chaos Orb;0.33333;Low
Hardcore;2024-04-27;Orb of Fusing;Chaos Orb;0.33333;Low
Hardcore;2024-04-28;Orb of Fusing;Chaos Orb;0.33333;Low
Hardcore;2024-04-29;Orb of Fusing;Chaos Orb;0.33333;Low
Hardcore;2024-04-30;Orb of Fusing;Chaos Orb;0.33333;Low
Hardcore;2024-05-01;Orb of Fusing;Chaos Orb;0.33333;Low
Hardcore;2024-05-02;Orb of Fusing;Chaos Orb;0.33333;Low
Hardcore;2024-05-03;Orb of Fusing;Chaos Orb;0.33333;Low
Hardcore;2024-05-21;Orb of Fusing;Chaos Orb;0.33333;Low
Hardcore;2024-05-22;Orb of Fusing;Chaos Orb;0.33333;Low
Hardcore;2024-05-23;Orb of Fusing;Chaos Orb;0.33333;Low
Hardcore;2024-05-24;Orb of Fusing;Chaos Orb;0.33333;Low
Hardcore;2024-05-25;Orb of Fusing;Chaos Orb;0.33333;Low
Hardcore;2024-05-26;Orb of Fusing;Chaos Orb;0.33333;Low
Hardcore;2024-05-27;Orb of Fusing;Chaos Orb;0.33333;Low
Hardcore;2024-05-28;Orb of Fusing;Chaos Orb;0.33333;Low
Hardcore;2024-05-29;Orb of Fusing;Chaos Orb;0.33333;Low
Hardcore;2024-05-30;Orb of Fusing;Chaos Orb;0.33333;Low
Hardcore;2024-05-31;Orb of Fusing;Chaos Orb;0.33333;Low
Hardcore;2024-06-01;Orb of Fusing;Chaos Orb;0.33333;Low
Hardcore;2024-06-02;Orb of Fusing;Chaos Orb;0.33333;Low
Hardcore;2024-06-03;Orb of Fusing;Chaos Orb;0.33333;Low
Hardcore;2024-06-07;Orb of Fusing;Chaos Orb;0.33333;Low
Hardcore;2024-06-08;Orb of Fusing;Chaos Orb;0.33333;Low
Hardcore;2024-06-09;Orb of Fusing;Chaos Orb;0.33333;Low
Hardcore;2024-06-10;Orb of Fusing;Chaos Orb;0.33333;Low
Hardcore;2024-06-11;Orb of Fusing;Chaos Orb;0.33333;Low
Hardcore;2024-06-12;Orb of Fusing;Chaos Orb;0.33333;Low
Hardcore;2024-06-13;Orb of Fusing;Chaos Orb;0.33333;Low
Hardcore;2024-06-14;Orb of Fusing;Chaos Orb;0.33333;Low
Hardcore;2024-07-17;Orb of Fusing;Chaos Orb;5;Low
Hardcore;2024-07-18;Orb of Fusing;Chaos Orb;5;Low
Hardcore;2024-07-19;Orb of Fusing;Chaos Orb;5;Low
Hardcore;2024-07-20;Orb of Fusing;Chaos Orb;5;Low
Hardcore;2024-07-21;Orb of Fusing;Chaos Orb;5;Low
Hardcore;2024-07-22;Orb of Fusing;Chaos Orb;5;Low
Hardcore;2024-07-23;Orb of Fusing;Chaos Orb;5;Low
Hardcore;2024-04-04;Gemcutter's Prism;Chaos Orb;4;Low
Hardcore;2024-04-05;Gemcutter's Prism;Chaos Orb;2;Low
Hardcore;2024-04-06;Gemcutter's Prism;Chaos Orb;2;Low
Hardcore;2024-04-07;Gemcutter's Prism;Chaos Orb;2;Low
Hardcore;2024-04-08;Gemcutter's Prism;Chaos Orb;2;Low
Hardcore;2024-04-09;Gemcutter's Prism;Chaos Orb;2;Low
Hardcore;2024-04-10;Gemcutter's Prism;Chaos Orb;2;Low
Hardcore;2024-04-11;Gemcutter's Prism;Chaos Orb;2;Low
Hardcore;2024-04-12;Gemcutter's Prism;Chaos Orb;2;Low
Hardcore;2024-04-17;Gemcutter's Prism;Chaos Orb;3.0006;Low
Hardcore;2024-04-18;Gemcutter's Prism;Chaos Orb;3.0006;Low
Hardcore;2024-04-19;Gemcutter's Prism;Chaos Orb;8.70048;Low
Hardcore;2024-04-20;Gemcutter's Prism;Chaos Orb;8.70048;Low
Hardcore;2024-04-21;Gemcutter's Prism;Chaos Orb;8.70048;Low
Hardcore;2024-04-22;Gemcutter's Prism;Chaos Orb;8.70048;Low
Hardcore;2024-04-23;Gemcutter's Prism;Chaos Orb;8.70048;Low
Hardcore;2024-04-24;Gemcutter's Prism;Chaos Orb;8.70048;Low
Hardcore;2024-04-27;Gemcutter's Prism;Chaos Orb;2.5005;Low
Hardcore;2024-05-17;Gemcutter's Prism;Chaos Orb;2.36111;Low
Hardcore;2024-05-18;Gemcutter's Prism;Chaos Orb;2.36111;Low
Hardcore;2024-05-19;Gemcutter's Prism;Chaos Orb;2.36111;Low
Hardcore;2024-05-20;Gemcutter's Prism;Chaos Orb;2.36111;Low
Hardcore;2024-05-21;Gemcutter's Prism;Chaos Orb;2.36111;Low
Hardcore;2024-05-22;Gemcutter's Prism;Chaos Orb;2.36111;Low
Hardcore;2024-05-23;Gemcutter's Prism;Chaos Orb;2.36111;Low
Hardcore;2024-05-24;Gemcutter's Prism;Chaos Orb;2.36111;Low
Hardcore;2024-04-04;Blessed Orb;Chaos Orb;0.66667;Low
Hardcore;2024-04-05;Blessed Orb;Chaos Orb;0.66667;Low
Hardcore;2024-04-06;Blessed Orb;Chaos Orb;0.8;Low
Hardcore;2024-04-07;Blessed Orb;Chaos Orb;0.8;Low
Hardcore;2024-04-08;Blessed Orb;Chaos Orb;0.8;Low
Hardcore;2024-04-09;Blessed Orb;Chaos Orb;0.8;Low
Hardcore;2024-04-10;Blessed Orb;Chaos Orb;0.8;Low
Hardcore;2024-04-11;Blessed Orb;Chaos Orb;0.8;Low
Hardcore;2024-04-12;Blessed Orb;Chaos Orb;0.8;Low
Hardcore;2024-04-13;Blessed Orb;Chaos Orb;0.66667;Low
Hardcore;2024-04-14;Blessed Orb;Chaos Orb;0.66667;Low
Hardcore;2024-04-15;Blessed Orb;Chaos Orb;0.66667;Low
Hardcore;2024-04-16;Blessed Orb;Chaos Orb;0.66667;Low
Hardcore;2024-04-17;Blessed Orb;Chaos Orb;0.66667;Low
Hardcore;2024-04-18;Blessed Orb;Chaos Orb;0.66667;Low
Hardcore;2024-04-19;Blessed Orb;Chaos Orb;0.66667;Low
Hardcore;2024-04-20;Blessed Orb;Chaos Orb;0.66667;Low
Hardcore;2024-04-21;Blessed Orb;Chaos Orb;0.5994;Low
Hardcore;2024-04-22;Blessed Orb;Chaos Orb;0.5994;Low
Hardcore;2024-04-23;Blessed Orb;Chaos Orb;0.5994;Low
Hardcore;2024-04-24;Blessed Orb;Chaos Orb;0.5994;Low
Hardcore;2024-04-27;Blessed Orb;Chaos Orb;0.4995;Low
Hardcore;2024-07-09;Blessed Orb;Chaos Orb;0.66667;Low
Hardcore;2024-07-10;Blessed Orb;Chaos Orb;0.66667;Low
Hardcore;2024-07-11;Blessed Orb;Chaos Orb;0.66667;Low
Hardcore;2024-07-12;Blessed Orb;Chaos Orb;0.66667;Low
Hardcore;2024-07-13;Blessed Orb;Chaos Orb;0.66667;Low
Hardcore;2024-07-14;Blessed Orb;Chaos Orb;0.66667;Low
Hardcore;2024-07-15;Blessed Orb;Chaos Orb;0.66667;Low
Hardcore;2024-07-16;Blessed Orb;Chaos Orb;0.66667;Low
Hardcore;2024-07-17;Blessed Orb;Chaos Orb;0.66667;Low
Hardcore;2024-07-18;Blessed Orb;Chaos Orb;0.66667;Low
Hardcore;2024-07-19;Blessed Orb;Chaos Orb;0.66667;Low
Hardcore;2024-07-20;Blessed Orb;Chaos Orb;1.334;Low
Hardcore;2024-07-21;Blessed Orb;Chaos Orb;0.66667;Low
Hardcore;2024-07-22;Blessed Orb;Chaos Orb;0.66667;Low
Hardcore;2024-07-23;Blessed Orb;Chaos Orb;0.66667;Low
Hardcore;2024-04-04;Regal Orb;Chaos Orb;4;Low
Hardcore;2024-04-05;Regal Orb;Chaos Orb;2;Low
Hardcore;2024-04-06;Regal Orb;Chaos Orb;2;Low
Hardcore;2024-04-07;Regal Orb;Chaos Orb;2;Low
Hardcore;2024-04-08;Regal Orb;Chaos Orb;2;Low
Hardcore;2024-04-09;Regal Orb;Chaos Orb;2;Low
Hardcore;2024-04-10;Regal Orb;Chaos Orb;2;Low
Hardcore;2024-04-11;Regal Orb;Chaos Orb;2;Low
Hardcore;2024-04-12;Regal Orb;Chaos Orb;2;Low
Hardcore;2024-04-19;Regal Orb;Chaos Orb;2;Low
Hardcore;2024-04-20;Regal Orb;Chaos Orb;2;Low
Hardcore;2024-04-21;Regal Orb;Chaos Orb;2;Low
Hardcore;2024-04-22;Regal Orb;Chaos Orb;2;Low
Hardcore;2024-04-23;Regal Orb;Chaos Orb;2;Low
Hardcore;2024-04-24;Regal Orb;Chaos Orb;2;Low
Hardcore;2024-04-25;Regal Orb;Chaos Orb;2;Low
Hardcore;2024-04-26;Regal Orb;Chaos Orb;2;Low
Hardcore;2024-04-05;Vaal Orb;Chaos Orb;2;Low
Hardcore;2024-04-06;Vaal Orb;Chaos Orb;2;Low
Hardcore;2024-04-07;Vaal Orb;Chaos Orb;2;Low
Hardcore;2024-04-08;Vaal Orb;Chaos Orb;2;Low
Hardcore;2024-04-09;Vaal Orb;Chaos Orb;2;Low
Hardcore;2024-04-10;Vaal Orb;Chaos Orb;2;Low
Hardcore;2024-04-11;Vaal Orb;Chaos Orb;2;Low
Hardcore;2024-04-12;Vaal Orb;Chaos Orb;2;Low
Hardcore;2024-04-13;Vaal Orb;Chaos Orb;0.7;Low
Hardcore;2024-04-14;Vaal Orb;Chaos Orb;0.7;Low
Hardcore;2024-04-15;Vaal Orb;Chaos Orb;0.7;Low
Hardcore;2024-04-16;Vaal Orb;Chaos Orb;0.7;Low
Hardcore;2024-04-17;Vaal Orb;Chaos Orb;0.7;Low
Hardcore;2024-04-18;Vaal Orb;Chaos Orb;0.7;Low
Hardcore;2024-04-19;Vaal Orb;Chaos Orb;0.7;Low
Hardcore;2024-07-19;Vaal Orb;Chaos Orb;1.334;Low
Hardcore;2024-07-20;Vaal Orb;Chaos Orb;1.334;Low
Hardcore;2024-07-21;Vaal Orb;Chaos Orb;1.334;Low
Hardcore;2024-07-22;Vaal Orb;Chaos Orb;1.334;Low
Hardcore;2024-07-23;Vaal Orb;Chaos Orb;5;Low
Hardcore;2024-04-04;Chaos Orb;Divine Orb;0.0065;Medium
Hardcore;2024-04-05;Chaos Orb;Divine Orb;0.00642;Medium
Hardcore;2024-04-06;Chaos Orb;Divine Orb;0.00638;Low
Hardcore;2024-04-07;Chaos Orb;Divine Orb;0.00612;Low
Hardcore;2024-04-08;Chaos Orb;Divine Orb;0.00612;Low
Hardcore;2024-04-09;Chaos Orb;Divine Orb;0.0061;Low
Hardcore;2024-04-10;Chaos Orb;Divine Orb;0.0061;Low
Hardcore;2024-04-11;Chaos Orb;Divine Orb;0.00606;Low
Hardcore;2024-04-12;Chaos Orb;Divine Orb;0.00606;Low
Hardcore;2024-04-13;Chaos Orb;Divine Orb;0.00606;Low
Hardcore;2024-04-14;Chaos Orb;Divine Orb;0.00606;Low
Hardcore;2024-04-15;Chaos Orb;Divine Orb;0.00738;Low
Hardcore;2024-04-16;Chaos Orb;Divine Orb;0.00738;Low
Hardcore;2024-04-17;Chaos Orb;Divine Orb;0.00651;Low
Hardcore;2024-04-18;Chaos Orb;Divine Orb;0.00651;Low
Hardcore;2024-04-19;Chaos Orb;Divine Orb;0.00651;Low
Hardcore;2024-04-20;Chaos Orb;Divine Orb;0.00651;Low
Hardcore;2024-04-21;Chaos Orb;Divine Orb;0.00651;Low
Hardcore;2024-04-22;Chaos Orb;Divine Orb;0.00651;Low
Hardcore;2024-04-23;Chaos Orb;Divine Orb;0.00651;Low
Hardcore;2024-04-24;Chaos Orb;Divine Orb;0.00651;Low
Hardcore;2024-04-25;Chaos Orb;Divine Orb;0.00738;Low
Hardcore;2024-04-26;Chaos Orb;Divine Orb;0.00726;Low
Hardcore;2024-04-27;Chaos Orb;Divine Orb;0.00726;Low
Hardcore;2024-04-28;Chaos Orb;Divine Orb;0.00726;Low
Hardcore;2024-04-29;Chaos Orb;Divine Orb;0.00726;Low
Hardcore;2024-04-30;Chaos Orb;Divine Orb;0.00726;Low
Hardcore;2024-05-01;Chaos Orb;Divine Orb;0.00726;Low
Hardcore;2024-05-02;Chaos Orb;Divine Orb;0.00714;Low
Hardcore;2024-05-03;Chaos Orb;Divine Orb;0.00714;Low
Hardcore;2024-05-04;Chaos Orb;Divine Orb;0.00714;Low
Hardcore;2024-05-05;Chaos Orb;Divine Orb;0.00714;Low
Hardcore;2024-05-06;Chaos Orb;Divine Orb;0.00714;Low
Hardcore;2024-05-07;Chaos Orb;Divine Orb;0.00714;Low
Hardcore;2024-05-08;Chaos Orb;Divine Orb;0.00714;Low
Hardcore;2024-05-09;Chaos Orb;Divine Orb;0.00714;Low
Hardcore;2024-05-10;Chaos Orb;Divine Orb;0.00725;Low
Hardcore;2024-05-11;Chaos Orb;Divine Orb;0.00725;Low
Hardcore;2024-05-12;Chaos Orb;Divine Orb;0.00726;Low
Hardcore;2024-05-13;Chaos Orb;Divine Orb;0.00726;Low
Hardcore;2024-05-14;Chaos Orb;Divine Orb;0.00726;Low
Hardcore;2024-05-15;Chaos Orb;Divine Orb;0.00726;Low
Hardcore;2024-05-16;Chaos Orb;Divine Orb;0.00726;Low
Hardcore;2024-05-17;Chaos Orb;Divine Orb;0.00714;Low
Hardcore;2024-05-18;Chaos Orb;Divine Orb;0.00714;Low
Hardcore;2024-05-19;Chaos Orb;Divine Orb;0.00714;Low
Hardcore;2024-05-20;Chaos Orb;Divine Orb;0.00714;Low
Hardcore;2024-05-21;Chaos Orb;Divine Orb;0.00714;Low
Hardcore;2024-05-22;Chaos Orb;Divine Orb;0.00714;Low
Hardcore;2024-05-23;Chaos Orb;Divine Orb;0.00714;Low
Hardcore;2024-05-24;Chaos Orb;Divine Orb;0.00714;Low
Hardcore;2024-05-25;Chaos Orb;Divine Orb;0.00714;Low
Hardcore;2024-05-26;Chaos Orb;Divine Orb;0.00714;Low
Hardcore;2024-05-27;Chaos Orb;Divine Orb;0.00714;Low
Hardcore;2024-05-28;Chaos Orb;Divine Orb;0.00714;Low
Hardcore;2024-05-29;Chaos Orb;Divine Orb;0.00714;Low
Hardcore;2024-05-30;Chaos Orb;Divine Orb;0.00714;Low
Hardcore;2024-05-31;Chaos Orb;Divine Orb;0.00714;Low
Hardcore;2024-06-01;Chaos Orb;Divine Orb;0.00714;Low
Hardcore;2024-06-02;Chaos Orb;Divine Orb;0.00714;Low
Hardcore;2024-06-03;Chaos Orb;Divine Orb;0.00714;Low
Hardcore;2024-06-04;Chaos Orb;Divine Orb;0.00714;Low
Hardcore;2024-06-05;Chaos Orb;Divine Orb;0.00714;Low
Hardcore;2024-06-06;Chaos Orb;Divine Orb;0.00714;Low
Hardcore;2024-06-07;Chaos Orb;Divine Orb;0.00714;Low
Hardcore;2024-06-08;Chaos Orb;Divine Orb;0.00714;Low
Hardcore;2024-06-09;Chaos Orb;Divine Orb;0.00738;Low
Hardcore;2024-06-10;Chaos Orb;Divine Orb;0.00738;Low
Hardcore;2024-06-11;Chaos Orb;Divine Orb;0.00738;Low
Hardcore;2024-06-12;Chaos Orb;Divine Orb;0.00738;Low
Hardcore;2024-06-13;Chaos Orb;Divine Orb;0.00738;Low
Hardcore;2024-06-14;Chaos Orb;Divine Orb;0.00738;Low
Hardcore;2024-06-15;Chaos Orb;Divine Orb;0.00738;Low
Hardcore;2024-06-16;Chaos Orb;Divine Orb;0.00741;Low
Hardcore;2024-06-17;Chaos Orb;Divine Orb;0.00741;Low
Hardcore;2024-06-18;Chaos Orb;Divine Orb;0.00741;Low
Hardcore;2024-06-19;Chaos Orb;Divine Orb;0.00741;Low
Hardcore;2024-06-20;Chaos Orb;Divine Orb;0.00741;Low
Hardcore;2024-06-21;Chaos Orb;Divine Orb;0.00741;Low
Hardcore;2024-06-22;Chaos Orb;Divine Orb;0.00714;Low
Hardcore;2024-06-23;Chaos Orb;Divine Orb;0.00714;Low
Hardcore;2024-06-24;Chaos Orb;Divine Orb;0.00714;Low
Hardcore;2024-06-25;Chaos Orb;Divine Orb;0.00726;Low
Hardcore;2024-06-26;Chaos Orb;Divine Orb;0.00726;Low
Hardcore;2024-06-27;Chaos Orb;Divine Orb;0.00726;Low
Hardcore;2024-06-28;Chaos Orb;Divine Orb;0.00726;Low
Hardcore;2024-06-29;Chaos Orb;Divine Orb;0.00726;Low
Hardcore;2024-06-30;Chaos Orb;Divine Orb;0.00726;Low
Hardcore;2024-07-01;Chaos Orb;Divine Orb;0.00726;Low
Hardcore;2024-07-02;Chaos Orb;Divine Orb;0.00726;Low
Hardcore;2024-07-03;Chaos Orb;Divine Orb;0.00726;Low
Hardcore;2024-07-04;Chaos Orb;Divine Orb;0.00726;Low
Hardcore;2024-07-05;Chaos Orb;Divine Orb;0.00726;Low
Hardcore;2024-07-06;Chaos Orb;Divine Orb;0.00714;Low
Hardcore;2024-07-07;Chaos Orb;Divine Orb;0.00714;Low
Hardcore;2024-07-08;Chaos Orb;Divine Orb;0.00714;Low
Hardcore;2024-07-09;Chaos Orb;Divine Orb;0.00769;Low
Hardcore;2024-07-10;Chaos Orb;Divine Orb;0.00769;Low
Hardcore;2024-07-11;Chaos Orb;Divine Orb;0.00769;Low
Hardcore;2024-07-12;Chaos Orb;Divine Orb;0.00769;Low
Hardcore;2024-07-13;Chaos Orb;Divine Orb;0.00782;Low
Hardcore;2024-07-14;Chaos Orb;Divine Orb;0.00738;Low
Hardcore;2024-07-15;Chaos Orb;Divine Orb;0.00738;Low
Hardcore;2024-07-16;Chaos Orb;Divine Orb;0.00738;Low
Hardcore;2024-07-17;Chaos Orb;Divine Orb;0.00738;Low
Hardcore;2024-07-18;Chaos Orb;Divine Orb;0.00738;Low
Hardcore;2024-07-19;Chaos Orb;Divine Orb;0.00738;Low
Hardcore;2024-07-20;Chaos Orb;Divine Orb;0.00714;Low
Hardcore;2024-07-21;Chaos Orb;Divine Orb;0.00714;Low
Hardcore;2024-07-22;Chaos Orb;Divine Orb;0.00714;Low
Hardcore;2024-07-23;Chaos Orb;Divine Orb;0.00714;Low
Hardcore;2024-04-04;Chaos Orb;Vaal Orb;1.5;Low
Hardcore;2024-04-05;Chaos Orb;Vaal Orb;1.5;Low
Hardcore;2024-04-09;Chaos Orb;Vaal Orb;1;Low
Hardcore;2024-04-10;Chaos Orb;Vaal Orb;1;Low
Hardcore;2024-04-11;Chaos Orb;Vaal Orb;1;Low
Hardcore;2024-04-12;Chaos Orb;Vaal Orb;1;Low
Hardcore;2024-04-13;Chaos Orb;Vaal Orb;1;Low
Hardcore;2024-04-14;Chaos Orb;Vaal Orb;1;Low
Hardcore;2024-04-15;Chaos Orb;Vaal Orb;1.05;Low
Hardcore;2024-04-16;Chaos Orb;Vaal Orb;1.05;Low
Hardcore;2024-04-17;Chaos Orb;Vaal Orb;1.5;Low
Hardcore;2024-04-18;Chaos Orb;Vaal Orb;1.5;Low
Hardcore;2024-04-19;Chaos Orb;Vaal Orb;1.5;Low
Hardcore;2024-04-20;Chaos Orb;Vaal Orb;1.5;Low
Hardcore;2024-04-21;Chaos Orb;Vaal Orb;1.5;Low
Hardcore;2024-07-22;Chaos Orb;Jeweller's Orb;8.5;Low
Hardcore;2024-07-23;Chaos Orb;Jeweller's Orb;4.25;Low
Hardcore;2024-04-04;Orb of Scouring;Chaos Orb;1.36;Low
Hardcore;2024-04-05;Orb of Scouring;Chaos Orb;1.36;Low
Hardcore;2024-04-06;Orb of Scouring;Chaos Orb;1.424;Low
Hardcore;2024-04-07;Orb of Scouring;Chaos Orb;1.424;Low
Hardcore;2024-04-08;Orb of Scouring;Chaos Orb;1.424;Low
Hardcore;2024-04-09;Orb of Scouring;Chaos Orb;2;Low
Hardcore;2024-04-10;Orb of Scouring;Chaos Orb;2;Low
Hardcore;2024-04-11;Orb of Scouring;Chaos Orb;2;Low
Hardcore;2024-04-12;Orb of Scouring;Chaos Orb;2;Low
Hardcore;2024-04-13;Orb of Scouring;Chaos Orb;0.588;Low
Hardcore;2024-04-17;Orb of Scouring;Chaos Orb;1.07262;Low
Hardcore;2024-04-18;Orb of Scouring;Chaos Orb;1.07262;Low
Hardcore;2024-04-19;Orb of Scouring;Chaos Orb;1.07262;Low
Hardcore;2024-04-20;Orb of Scouring;Chaos Orb;1.07262;Low
Hardcore;2024-04-21;Orb of Scouring;Chaos Orb;1.07262;Low
Hardcore;2024-04-22;Orb of Scouring;Chaos Orb;1.07262;Low
Hardcore;2024-04-23;Orb of Scouring;Chaos Orb;1.07262;Low
Hardcore;2024-04-24;Orb of Scouring;Chaos Orb;1.07262;Low
Hardcore;2024-04-27;Orb of Scouring;Chaos Orb;0.89385;Low
Hardcore;2024-07-19;Orb of Scouring;Chaos Orb;1.176;Low
Hardcore;2024-07-20;Orb of Scouring;Chaos Orb;1.176;Low
Hardcore;2024-07-21;Orb of Scouring;Chaos Orb;1.176;Low
Hardcore;2024-07-22;Orb of Scouring;Chaos Orb;1.176;Low
Hardcore;2024-07-23;Orb of Scouring;Chaos Orb;5;Low
Hardcore;2024-04-04;Orb of Chance;Chaos Orb;0.184;Low
Hardcore;2024-04-05;Orb of Chance;Chaos Orb;0.34;Low
Hardcore;2024-04-06;Orb of Chance;Chaos Orb;0.20134;Low
Hardcore;2024-04-07;Orb of Chance;Chaos Orb;0.20134;Low
Hardcore;2024-04-08;Orb of Chance;Chaos Orb;0.21867;Low
Hardcore;2024-04-09;Orb of Chance;Chaos Orb;0.53334;Low
Hardcore;2024-04-10;Orb of Chance;Chaos Orb;0.53334;Low
Hardcore;2024-04-11;Orb of Chance;Chaos Orb;0.53334;Low
Hardcore;2024-04-12;Orb of Chance;Chaos Orb;0.53334;Low
Hardcore;2024-04-13;Orb of Chance;Chaos Orb;0.35;Low
Hardcore;2024-04-14;Orb of Chance;Chaos Orb;0.35;Low
Hardcore;2024-04-15;Orb of Chance;Chaos Orb;0.16667;Low
Hardcore;2024-04-16;Orb of Chance;Chaos Orb;0.16667;Low
Hardcore;2024-04-17;Orb of Chance;Chaos Orb;0.16667;Low
Hardcore;2024-04-18;Orb of Chance;Chaos Orb;0.16667;Low
Hardcore;2024-04-19;Orb of Chance;Chaos Orb;0.16667;Low
Hardcore;2024-04-20;Orb of Chance;Chaos Orb;0.16667;Low
Hardcore;2024-04-21;Orb of Chance;Chaos Orb;0.16667;Low
Hardcore;2024-05-17;Orb of Chance;Chaos Orb;0.16667;Low
Hardcore;2024-05-18;Orb of Chance;Chaos Orb;0.16667;Low
Hardcore;2024-05-19;Orb of Chance;Chaos Orb;0.16667;Low
Hardcore;2024-05-20;Orb of Chance;Chaos Orb;0.16667;Low
Hardcore;2024-05-21;Orb of Chance;Chaos Orb;0.16667;Low
Hardcore;2024-05-22;Orb of Chance;Chaos Orb;0.16667;Low
Hardcore;2024-05-23;Orb of Chance;Chaos Orb;0.16667;Low
Hardcore;2024-05-24;Orb of Chance;Chaos Orb;0.16667;Low
Hardcore;2024-06-01;Orb of Chance;Chaos Orb;0.33333;Low
Hardcore;2024-06-02;Orb of Chance;Chaos Orb;0.33333;Low
Hardcore;2024-06-03;Orb of Chance;Chaos Orb;0.33333;Low
Hardcore;2024-06-04;Orb of Chance;Chaos Orb;0.33333;Low
Hardcore;2024-06-05;Orb of Chance;Chaos Orb;0.33333;Low
Hardcore;2024-06-06;Orb of Chance;Chaos Orb;0.33333;Low
Hardcore;2024-06-07;Orb of Chance;Chaos Orb;0.33333;Low
Hardcore;2024-06-08;Orb of Chance;Chaos Orb;0.33333;Low
Hardcore;2024-07-09;Orb of Chance;Chaos Orb;0.16667;Low
Hardcore;2024-07-10;Orb of Chance;Chaos Orb;0.16667;Low
Hardcore;2024-07-11;Orb of Chance;Chaos Orb;0.16667;Low
Hardcore;2024-07-12;Orb of Chance;Chaos Orb;0.16667;Low
Hardcore;2024-07-13;Orb of Chance;Chaos Orb;0.16667;Low
Hardcore;2024-07-14;Orb of Chance;Chaos Orb;0.16667;Low
Hardcore;2024-07-15;Orb of Chance;Chaos Orb;0.16667;Low
Hardcore;2024-07-16;Orb of Chance;Chaos Orb;0.16667;Low
Hardcore;2024-07-17;Orb of Chance;Chaos Orb;0.18334;Low
Hardcore;2024-07-18;Orb of Chance;Chaos Orb;0.2;Low
Hardcore;2024-07-19;Orb of Chance;Chaos Orb;0.2;Low
Hardcore;2024-07-20;Orb of Chance;Chaos Orb;0.8;Low
Hardcore;2024-07-21;Orb of Chance;Chaos Orb;0.2;Low
Hardcore;2024-07-22;Orb of Chance;Chaos Orb;0.2;Low
Hardcore;2024-07-23;Orb of Chance;Chaos Orb;0.21667;Low
Hardcore;2024-04-04;Chromatic Orb;Chaos Orb;0.17334;Low
Hardcore;2024-04-05;Chromatic Orb;Chaos Orb;0.17334;Low
Hardcore;2024-04-06;Chromatic Orb;Chaos Orb;0.17667;Low
Hardcore;2024-04-07;Chromatic Orb;Chaos Orb;0.17334;Low
Hardcore;2024-04-08;Chromatic Orb;Chaos Orb;0.17667;Low
Hardcore;2024-04-09;Chromatic Orb;Chaos Orb;0.17667;Low
Hardcore;2024-04-10;Chromatic Orb;Chaos Orb;0.17667;Low
Hardcore;2024-04-11;Chromatic Orb;Chaos Orb;2;Low
Hardcore;2024-04-12;Chromatic Orb;Chaos Orb;2;Low
Hardcore;2024-04-13;Chromatic Orb;Chaos Orb;2;Low
Hardcore;2024-04-14;Chromatic Orb;Chaos Orb;2;Low
Hardcore;2024-04-15;Chromatic Orb;Chaos Orb;0.33333;Low
Hardcore;2024-04-16;Chromatic Orb;Chaos Orb;0.33333;Low
Hardcore;2024-04-17;Chromatic Orb;Chaos Orb;0.33333;Low
Hardcore;2024-04-18;Chromatic Orb;Chaos Orb;0.27259;Low
Hardcore;2024-04-19;Chromatic Orb;Chaos Orb;0.27259;Low
Hardcore;2024-04-20;Chromatic Orb;Chaos Orb;0.27259;Low
Hardcore;2024-04-21;Chromatic Orb;Chaos Orb;0.27259;Low
Hardcore;2024-04-22;Chromatic Orb;Chaos Orb;0.33333;Low
Hardcore;2024-04-23;Chromatic Orb;Chaos Orb;0.33333;Low
Hardcore;2024-04-24;Chromatic Orb;Chaos Orb;0.33333;Low
Hardcore;2024-04-25;Chromatic Orb;Chaos Orb;0.33333;Low
Hardcore;2024-04-27;Chromatic Orb;Chaos Orb;0.2145;Low
Hardcore;2024-05-26;Chromatic Orb;Chaos Orb;0.5;Low
Hardcore;2024-05-27;Chromatic Orb;Chaos Orb;0.5;Low
Hardcore;2024-05-28;Chromatic Orb;Chaos Orb;0.5;Low
Hardcore;2024-05-29;Chromatic Orb;Chaos Orb;0.5;Low
Hardcore;2024-05-30;Chromatic Orb;Chaos Orb;0.5;Low
Hardcore;2024-05-31;Chromatic Orb;Chaos Orb;0.5;Low
Hardcore;2024-06-01;Chromatic Orb;Chaos Orb;0.5;Low
Hardcore;2024-06-02;Chromatic Orb;Chaos Orb;0.5;Low
Hardcore;2024-07-17;Chromatic Orb;Chaos Orb;5;Low
Hardcore;2024-07-18;Chromatic Orb;Chaos Orb;5;Low
Hardcore;2024-07-19;Chromatic Orb;Chaos Orb;14.5;Low
Hardcore;2024-07-20;Chromatic Orb;Chaos Orb;14.5;Low
Hardcore;2024-07-21;Chromatic Orb;Chaos Orb;14.5;Low
Hardcore;2024-07-22;Chromatic Orb;Chaos Orb;14.5;Low
Hardcore;2024-07-23;Chromatic Orb;Chaos Orb;5;Low
Hardcore;2024-04-04;Glassblower's Bauble;Chaos Orb;0.16667;Low
Hardcore;2024-04-05;Glassblower's Bauble;Chaos Orb;0.16667;Low
Hardcore;2024-04-06;Glassblower's Bauble;Chaos Orb;0.35;Low
Hardcore;2024-04-07;Glassblower's Bauble;Chaos Orb;0.35;Low
Hardcore;2024-04-08;Glassblower's Bauble;Chaos Orb;0.53334;Low
Hardcore;2024-04-09;Glassblower's Bauble;Chaos Orb;0.53334;Low
Hardcore;2024-04-10;Glassblower's Bauble;Chaos Orb;0.53334;Low
Hardcore;2024-04-11;Glassblower's Bauble;Chaos Orb;2;Low
Hardcore;2024-04-12;Glassblower's Bauble;Chaos Orb;2;Low
Hardcore;2024-04-13;Glassblower's Bauble;Chaos Orb;2;Low
Hardcore;2024-04-14;Glassblower's Bauble;Chaos Orb;2;Low
Hardcore;2024-05-17;Glassblower's Bauble;Chaos Orb;0.29508;Low
Hardcore;2024-05-18;Glassblower's Bauble;Chaos Orb;0.29508;Low
Hardcore;2024-05-19;Glassblower's Bauble;Chaos Orb;0.29508;Low
Hardcore;2024-05-20;Glassblower's Bauble;Chaos Orb;0.29508;Low
Hardcore;2024-05-21;Glassblower's Bauble;Chaos Orb;0.29508;Low
Hardcore;2024-05-22;Glassblower's Bauble;Chaos Orb;0.29508;Low
Hardcore;2024-05-23;Glassblower's Bauble;Chaos Orb;0.29508;Low
Hardcore;2024-05-24;Glassblower's Bauble;Chaos Orb;0.29508;Low
Hardcore;2024-07-14;Glassblower's Bauble;Chaos Orb;2;Low
Hardcore;2024-07-15;Glassblower's Bauble;Chaos Orb;2;Low
Hardcore;2024-07-16;Glassblower's Bauble;Chaos Orb;2;Low
Hardcore;2024-07-17;Glassblower's Bauble;Chaos Orb;2;Low
Hardcore;2024-07-18;Glassblower's Bauble;Chaos Orb;2;Low
Hardcore;2024-07-19;Glassblower's Bauble;Chaos Orb;2;Low
Hardcore;2024-07-20;Glassblower's Bauble;Chaos Orb;2;Low
Hardcore;2024-07-21;Glassblower's Bauble;Chaos Orb;2;Low
Hardcore;2024-07-22;Glassblower's Bauble;Chaos Orb;5;Low
Hardcore;2024-07-23;Glassblower's Bauble;Chaos Orb;5;Low
Hardcore;2024-04-04;Orb of Alchemy;Chaos Orb;0.40294;Low
Hardcore;2024-04-05;Orb of Alchemy;Chaos Orb;0.39216;Low
Hardcore;2024-04-06;Orb of Alchemy;Chaos Orb;0.55294;Low
Hardcore;2024-04-07;Orb of Alchemy;Chaos Orb;0.55294;Low
Hardcore;2024-04-08;Orb of Alchemy;Chaos Orb;0.71373;Low
Hardcore;2024-04-09;Orb of Alchemy;Chaos Orb;0.71373;Low
Hardcore;2024-04-10;Orb of Alchemy;Chaos Orb;0.71373;Low
Hardcore;2024-04-11;Orb of Alchemy;Chaos Orb;0.71373;Low
Hardcore;2024-04-12;Orb of Alchemy;Chaos Orb;0.71373;Low
Hardcore;2024-04-13;Orb of Alchemy;Chaos Orb;0.55294;Low
Hardcore;2024-04-14;Orb of Alchemy;Chaos Orb;0.55294;Low
Hardcore;2024-04-15;Orb of Alchemy;Chaos Orb;0.39216;Low
Hardcore;2024-04-16;Orb of Alchemy;Chaos Orb;0.39216;Low
Hardcore;2024-04-17;Orb of Alchemy;Chaos Orb;0.39216;Low
Hardcore;2024-04-18;Orb of Alchemy;Chaos Orb;0.225;Low
Hardcore;2024-04-19;Orb of Alchemy;Chaos Orb;0.225;Low
Hardcore;2024-04-20;Orb of Alchemy;Chaos Orb;0.225;Low
Hardcore;2024-05-17;Orb of Alchemy;Chaos Orb;0.28455;Low
Hardcore;2024-05-18;Orb of Alchemy;Chaos Orb;0.28455;Low
Hardcore;2024-05-19;Orb of Alchemy;Chaos Orb;0.28455;Low
Hardcore;2024-05-20;Orb of Alchemy;Chaos Orb;0.28455;Low
Hardcore;2024-05-21;Orb of Alchemy;Chaos Orb;0.28455;Low
Hardcore;2024-05-22;Orb of Alchemy;Chaos Orb;0.28455;Low
Hardcore;2024-05-23;Orb of Alchemy;Chaos Orb;0.28455;Low
Hardcore;2024-05-24;Orb of Alchemy;Chaos Orb;0.28455;Low
Hardcore;2024-07-17;Orb of Alchemy;Chaos Orb;5;Low
Hardcore;2024-07-18;Orb of Alchemy;Chaos Orb;5;Low
Hardcore;2024-07-19;Orb of Alchemy;Chaos Orb;5;Low
Hardcore;2024-07-20;Orb of Alchemy;Chaos Orb;5;Low
Hardcore;2024-07-21;Orb of Alchemy;Chaos Orb;5;Low
Hardcore;2024-07-22;Orb of Alchemy;Chaos Orb;5;Low
Hardcore;2024-07-23;Orb of Alchemy;Chaos Orb;5;Low
Hardcore;2024-04-05;Orb of Regret;Chaos Orb;2;Low
Hardcore;2024-04-06;Orb of Regret;Chaos Orb;2;Low
Hardcore;2024-04-07;Orb of Regret;Chaos Orb;2;Low
Hardcore;2024-04-08;Orb of Regret;Chaos Orb;2.4;Low
Hardcore;2024-04-09;Orb of Regret;Chaos Orb;2.4;Low
Hardcore;2024-04-10;Orb of Regret;Chaos Orb;2.4;Low
Hardcore;2024-04-11;Orb of Regret;Chaos Orb;2.4;Low
Hardcore;2024-04-12;Orb of Regret;Chaos Orb;2.4;Low
Hardcore;2024-04-13;Orb of Regret;Chaos Orb;6;Low
Hardcore;2024-04-14;Orb of Regret;Chaos Orb;6;Low
Hardcore;2024-04-17;Orb of Regret;Chaos Orb;1.4994;Low
Hardcore;2024-04-18;Orb of Regret;Chaos Orb;1.4994;Low
Hardcore;2024-04-19;Orb of Regret;Chaos Orb;1.4994;Low
Hardcore;2024-04-20;Orb of Regret;Chaos Orb;1.4994;Low
Hardcore;2024-04-21;Orb of Regret;Chaos Orb;1.4994;Low
Hardcore;2024-04-22;Orb of Regret;Chaos Orb;1.4994;Low
Hardcore;2024-04-23;Orb of Regret;Chaos Orb;1.4994;Low
Hardcore;2024-04-24;Orb of Regret;Chaos Orb;1.4994;Low
Hardcore;2024-04-27;Orb of Regret;Chaos Orb;1.2495;Low
Hardcore;2024-07-19;Orb of Regret;Chaos Orb;1.64;Low
Hardcore;2024-07-20;Orb of Regret;Chaos Orb;1.64;Low
Hardcore;2024-07-21;Orb of Regret;Chaos Orb;1.64;Low
Hardcore;2024-07-22;Orb of Regret;Chaos Orb;1.64;Low
Hardcore;2024-07-23;Orb of Regret;Chaos Orb;1.64;Low
Hardcore;2024-04-13;Divine Orb;Chaos Orb;100;Low
Hardcore;2024-04-17;Divine Orb;Chaos Orb;180;Low
Hardcore;2024-04-18;Divine Orb;Chaos Orb;180;Low
Hardcore;2024-04-19;Divine Orb;Chaos Orb;180;Low
Hardcore;2024-04-20;Divine Orb;Chaos Orb;180;Low
Hardcore;2024-04-21;Divine Orb;Chaos Orb;180;Low
Hardcore;2024-04-22;Divine Orb;Chaos Orb;180;Low
Hardcore;2024-04-23;Divine Orb;Chaos Orb;180;Low
Hardcore;2024-04-24;Divine Orb;Chaos Orb;180;Low
Hardcore;2024-04-27;Divine Orb;Chaos Orb;150;Low
Hardcore;2024-07-19;Divine Orb;Chaos Orb;200;Low
Hardcore;2024-07-20;Divine Orb;Chaos Orb;200;Low
Hardcore;2024-07-21;Divine Orb;Chaos Orb;200;Low
Hardcore;2024-07-22;Divine Orb;Chaos Orb;200;Low
Hardcore;2024-07-23;Divine Orb;Chaos Orb;200;Low
Hardcore;2024-04-13;Cartographer's Chisel;Chaos Orb;0.083;Low
Hardcore;2024-04-17;Cartographer's Chisel;Chaos Orb;0.3006;Low
Hardcore;2024-04-18;Cartographer's Chisel;Chaos Orb;0.3006;Low
Hardcore;2024-04-19;Cartographer's Chisel;Chaos Orb;0.3006;Low
Hardcore;2024-04-20;Cartographer's Chisel;Chaos Orb;0.3006;Low
Hardcore;2024-04-21;Cartographer's Chisel;Chaos Orb;0.3006;Low
Hardcore;2024-04-22;Cartographer's Chisel;Chaos Orb;0.3006;Low
Hardcore;2024-04-23;Cartographer's Chisel;Chaos Orb;0.3006;Low
Hardcore;2024-04-24;Cartographer's Chisel;Chaos Orb;0.3006;Low
Hardcore;2024-04-27;Cartographer's Chisel;Chaos Orb;0.2505;Low
Hardcore;2024-05-17;Cartographer's Chisel;Chaos Orb;0.37838;Low
Hardcore;2024-05-18;Cartographer's Chisel;Chaos Orb;0.37838;Low
Hardcore;2024-05-19;Cartographer's Chisel;Chaos Orb;0.37838;Low
Hardcore;2024-05-20;Cartographer's Chisel;Chaos Orb;0.37838;Low
Hardcore;2024-05-21;Cartographer's Chisel;Chaos Orb;0.37838;Low
Hardcore;2024-05-22;Cartographer's Chisel;Chaos Orb;0.37838;Low
Hardcore;2024-05-23;Cartographer's Chisel;Chaos Orb;0.37838;Low
Hardcore;2024-05-24;Cartographer's Chisel;Chaos Orb;0.37838;Low
Hardcore;2024-07-19;Cartographer's Chisel;Chaos Orb;0.166;Low
Hardcore;2024-07-20;Cartographer's Chisel;Chaos Orb;0.166;Low
Hardcore;2024-07-21;Cartographer's Chisel;Chaos Orb;0.166;Low
Hardcore;2024-07-22;Cartographer's Chisel;Chaos Orb;0.166;Low
Hardcore;2024-07-23;Cartographer's Chisel;Chaos Orb;0.166;Low
Hardcore;2024-04-04;Sacrifice at Noon;Chaos Orb;1.4;Low
Hardcore;2024-04-05;Sacrifice at Noon;Chaos Orb;1.4;Low
Hardcore;2024-04-09;Sacrifice at Noon;Chaos Orb;20;Low
Hardcore;2024-04-10;Sacrifice at Noon;Chaos Orb;20;Low
Hardcore;2024-04-11;Sacrifice at Noon;Chaos Orb;20;Low
Hardcore;2024-04-12;Sacrifice at Noon;Chaos Orb;20;Low
Hardcore;2024-04-13;Sacrifice at Noon;Chaos Orb;20;Low
Hardcore;2024-04-14;Sacrifice at Noon;Chaos Orb;20;Low
Hardcore;2024-04-15;Sacrifice at Noon;Chaos Orb;20;Low
Hardcore;2024-04-16;Sacrifice at Noon;Chaos Orb;20;Low
Hardcore;2024-05-10;Sacrifice at Noon;Chaos Orb;10;Low
Hardcore;2024-05-11;Sacrifice at Noon;Chaos Orb;10;Low
Hardcore;2024-05-12;Sacrifice at Noon;Chaos Orb;10;Low
Hardcore;2024-05-13;Sacrifice at Noon;Chaos Orb;10;Low
Hardcore;2024-05-14;Sacrifice at Noon;Chaos Orb;10;Low
Hardcore;2024-05-15;Sacrifice at Noon;Chaos Orb;10;Low
Hardcore;2024-05-16;Sacrifice at Noon;Chaos Orb;10;Low
Hardcore;2024-05-17;Sacrifice at Noon;Chaos Orb;10;Low
Hardcore;2024-06-14;Sacrifice at Noon;Chaos Orb;10;Low
Hardcore;2024-06-15;Sacrifice at Noon;Chaos Orb;10;Low
Hardcore;2024-06-16;Sacrifice at Noon;Chaos Orb;10;Low
Hardcore;2024-06-17;Sacrifice at Noon;Chaos Orb;10;Low
Hardcore;2024-06-18;Sacrifice at Noon;Chaos Orb;10;Low
Hardcore;2024-06-19;Sacrifice at Noon;Chaos Orb;10;Low
Hardcore;2024-06-20;Sacrifice at Noon;Chaos Orb;10;Low
Hardcore;2024-06-21;Sacrifice at Noon;Chaos Orb;10;Low
Hardcore;2024-07-18;Sacrifice at Noon;Chaos Orb;50;Low
Hardcore;2024-07-19;Sacrifice at Noon;Chaos Orb;50;Low
Hardcore;2024-07-20;Sacrifice at Noon;Chaos Orb;50;Low
Hardcore;2024-07-21;Sacrifice at Noon;Chaos Orb;9.5;Low
Hardcore;2024-07-22;Sacrifice at Noon;Chaos Orb;9.5;Low
Hardcore;2024-07-23;Sacrifice at Noon;Chaos Orb;9.5;Low
Hardcore;2024-04-04;Sacrifice at Dusk;Chaos Orb;5.1;Low
Hardcore;2024-04-05;Sacrifice at Dusk;Chaos Orb;5.1;Low
Hardcore;2024-04-09;Sacrifice at Dusk;Chaos Orb;20;Low
Hardcore;2024-04-10;Sacrifice at Dusk;Chaos Orb;20;Low
Hardcore;2024-04-11;Sacrifice at Dusk;Chaos Orb;20;Low
Hardcore;2024-04-12;Sacrifice at Dusk;Chaos Orb;20;Low
Hardcore;2024-04-13;Sacrifice at Dusk;Chaos Orb;20;Low
Hardcore;2024-04-14;Sacrifice at Dusk;Chaos Orb;20;Low
Hardcore;2024-04-15;Sacrifice at Dusk;Chaos Orb;20;Low
Hardcore;2024-04-16;Sacrifice at Dusk;Chaos Orb;20;Low
Hardcore;2024-05-26;Sacrifice at Dusk;Chaos Orb;111;Low
Hardcore;2024-05-27;Sacrifice at Dusk;Chaos Orb;111;Low
Hardcore;2024-05-28;Sacrifice at Dusk;Chaos Orb;111;Low
Hardcore;2024-05-29;Sacrifice at Dusk;Chaos Orb;111;Low
Hardcore;2024-05-30;Sacrifice at Dusk;Chaos Orb;111;Low
Hardcore;2024-05-31;Sacrifice at Dusk;Chaos Orb;111;Low
Hardcore;2024-06-01;Sacrifice at Dusk;Chaos Orb;111;Low
Hardcore;2024-06-02;Sacrifice at Dusk;Chaos Orb;111;Low
Hardcore;2024-06-13;Sacrifice at Dusk;Chaos Orb;10;Low
Hardcore;2024-06-14;Sacrifice at Dusk;Chaos Orb;10;Low
Hardcore;2024-06-15;Sacrifice at Dusk;Chaos Orb;10;Low
Hardcore;2024-06-16;Sacrifice at Dusk;Chaos Orb;10;Low
Hardcore;2024-06-17;Sacrifice at Dusk;Chaos Orb;10;Low
Hardcore;2024-06-18;Sacrifice at Dusk;Chaos Orb;10;Low
Hardcore;2024-06-19;Sacrifice at Dusk;Chaos Orb;10;Low
Hardcore;2024-06-20;Sacrifice at Dusk;Chaos Orb;10;Low
Hardcore;2024-07-18;Sacrifice at Dusk;Chaos Orb;20;Low
Hardcore;2024-07-19;Sacrifice at Dusk;Chaos Orb;20;Low
Hardcore;2024-07-20;Sacrifice at Dusk;Chaos Orb;20;Low
Hardcore;2024-07-21;Sacrifice at Dusk;Chaos Orb;6.5;Low
Hardcore;2024-07-22;Sacrifice at Dusk;Chaos Orb;6.5;Low
Hardcore;2024-07-23;Sacrifice at Dusk;Chaos Orb;6.5;Low
Hardcore;2024-04-04;Offering to the Goddess;Chaos Orb;15;Low
Hardcore;2024-04-05;Offering to the Goddess;Chaos Orb;15;Low
Hardcore;2024-04-09;Offering to the Goddess;Chaos Orb;20;Low
Hardcore;2024-04-10;Offering to the Goddess;Chaos Orb;20;Low
Hardcore;2024-04-11;Offering to the Goddess;Chaos Orb;20;Low
Hardcore;2024-04-12;Offering to the Goddess;Chaos Orb;20;Low
Hardcore;2024-04-13;Offering to the Goddess;Chaos Orb;20;Low
Hardcore;2024-04-14;Offering to the Goddess;Chaos Orb;20;Low
Hardcore;2024-04-15;Offering to the Goddess;Chaos Orb;20;Low
Hardcore;2024-04-16;Offering to the Goddess;Chaos Orb;20;Low
Hardcore;2024-07-21;Offering to the Goddess;Chaos Orb;5;Low
Hardcore;2024-07-22;Offering to the Goddess;Chaos Orb;5;Low
Hardcore;2024-07-23;Offering to the Goddess;Chaos Orb;5;Low
Hardcore;2024-04-04;Sacrifice at Midnight;Chaos Orb;3;Low
Hardcore;2024-04-05;Sacrifice at Midnight;Chaos Orb;3;Low
Hardcore;2024-07-18;Sacrifice at Midnight;Chaos Orb;50;Low
Hardcore;2024-07-19;Sacrifice at Midnight;Chaos Orb;50;Low
Hardcore;2024-07-20;Sacrifice at Midnight;Chaos Orb;50;Low
Hardcore;2024-07-21;Sacrifice at Midnight;Chaos Orb;9.5;Low
Hardcore;2024-07-22;Sacrifice at Midnight;Chaos Orb;9.5;Low
Hardcore;2024-07-23;Sacrifice at Midnight;Chaos Orb;9.5;Low
Hardcore;2024-04-04;Sacrifice at Dawn;Chaos Orb;5.4;Low
Hardcore;2024-04-05;Sacrifice at Dawn;Chaos Orb;5.4;Low
Hardcore;2024-04-09;Sacrifice at Dawn;Chaos Orb;20;Low
Hardcore;2024-04-10;Sacrifice at Dawn;Chaos Orb;20;Low
Hardcore;2024-04-11;Sacrifice at Dawn;Chaos Orb;20;Low
Hardcore;2024-04-12;Sacrifice at Dawn;Chaos Orb;20;Low
Hardcore;2024-04-13;Sacrifice at Dawn;Chaos Orb;20;Low
Hardcore;2024-04-14;Sacrifice at Dawn;Chaos Orb;20;Low
Hardcore;2024-04-15;Sacrifice at Dawn;Chaos Orb;20;Low
Hardcore;2024-04-16;Sacrifice at Dawn;Chaos Orb;20;Low
Hardcore;2024-07-18;Sacrifice at Dawn;Chaos Orb;100;Low
Hardcore;2024-07-19;Sacrifice at Dawn;Chaos Orb;100;Low
Hardcore;2024-07-20;Sacrifice at Dawn;Chaos Orb;100;Low
Hardcore;2024-07-21;Sacrifice at Dawn;Chaos Orb;14.5;Low
Hardcore;2024-07-22;Sacrifice at Dawn;Chaos Orb;14.5;Low
Hardcore;2024-07-23;Sacrifice at Dawn;Chaos Orb;14.5;Low
Hardcore;2024-04-04;Scroll of Wisdom;Chaos Orb;0.52372;Low
Hardcore;2024-04-05;Scroll of Wisdom;Chaos Orb;0.52372;Low
Hardcore;2024-04-06;Scroll of Wisdom;Chaos Orb;0.02636;Low
Hardcore;2024-04-07;Scroll of Wisdom;Chaos Orb;0.02636;Low
Hardcore;2024-04-08;Scroll of Wisdom;Chaos Orb;0.22372;Low
Hardcore;2024-04-09;Scroll of Wisdom;Chaos Orb;0.22372;Low
Hardcore;2024-04-10;Scroll of Wisdom;Chaos Orb;0.22372;Low
Hardcore;2024-04-11;Scroll of Wisdom;Chaos Orb;0.22372;Low
Hardcore;2024-04-12;Scroll of Wisdom;Chaos Orb;0.22109;Low
Hardcore;2024-04-13;Scroll of Wisdom;Chaos Orb;0.22109;Low
Hardcore;2024-04-14;Scroll of Wisdom;Chaos Orb;0.22109;Low
Hardcore;2024-04-15;Scroll of Wisdom;Chaos Orb;0.12372;Low
Hardcore;2024-04-16;Scroll of Wisdom;Chaos Orb;0.12372;Low
Hardcore;2024-04-17;Scroll of Wisdom;Chaos Orb;0.12372;Low
Hardcore;2024-04-18;Scroll of Wisdom;Chaos Orb;1;Low
Hardcore;2024-05-26;Scroll of Wisdom;Chaos Orb;111;Low
Hardcore;2024-05-27;Scroll of Wisdom;Chaos Orb;111;Low
Hardcore;2024-05-28;Scroll of Wisdom;Chaos Orb;111;Low
Hardcore;2024-05-29;Scroll of Wisdom;Chaos Orb;111;Low
Hardcore;2024-05-30;Scroll of Wisdom;Chaos Orb;111;Low
Hardcore;2024-05-31;Scroll of Wisdom;Chaos Orb;111;Low
Hardcore;2024-06-01;Scroll of Wisdom;Chaos Orb;111;Low
Hardcore;2024-06-02;Scroll of Wisdom;Chaos Orb;111;Low
Hardcore;2024-06-09;Scroll of Wisdom;Chaos Orb;0.01538;Low
Hardcore;2024-06-10;Scroll of Wisdom;Chaos Orb;0.01538;Low
Hardcore;2024-06-11;Scroll of Wisdom;Chaos Orb;0.01538;Low
Hardcore;2024-06-12;Scroll of Wisdom;Chaos Orb;0.01538;Low
Hardcore;2024-06-13;Scroll of Wisdom;Chaos Orb;0.01538;Low
Hardcore;2024-06-14;Scroll of Wisdom;Chaos Orb;0.01538;Low
Hardcore;2024-06-15;Scroll of Wisdom;Chaos Orb;0.01538;Low
Hardcore;2024-06-16;Scroll of Wisdom;Chaos Orb;0.01538;Low
Hardcore;2024-07-18;Scroll of Wisdom;Chaos Orb;100;Low
Hardcore;2024-07-19;Scroll of Wisdom;Chaos Orb;100;Low
Hardcore;2024-07-20;Scroll of Wisdom;Chaos Orb;20.5;Low
Hardcore;2024-07-21;Scroll of Wisdom;Chaos Orb;32.5;Low
Hardcore;2024-07-22;Scroll of Wisdom;Chaos Orb;26.5;Low
Hardcore;2024-07-23;Scroll of Wisdom;Chaos Orb;8;Low
Hardcore;2024-04-04;Portal Scroll;Chaos Orb;0.56692;Low
Hardcore;2024-04-05;Portal Scroll;Chaos Orb;0.56692;Low
Hardcore;2024-04-06;Portal Scroll;Chaos Orb;0.26692;Low
Hardcore;2024-04-07;Portal Scroll;Chaos Orb;0.26692;Low
Hardcore;2024-04-08;Portal Scroll;Chaos Orb;0.45949;Low
Hardcore;2024-04-09;Portal Scroll;Chaos Orb;0.45949;Low
Hardcore;2024-04-10;Portal Scroll;Chaos Orb;0.45949;Low
Hardcore;2024-04-11;Portal Scroll;Chaos Orb;0.45949;Low
Hardcore;2024-04-12;Portal Scroll;Chaos Orb;0.45949;Low
Hardcore;2024-04-13;Portal Scroll;Chaos Orb;0.66692;Low
Hardcore;2024-04-14;Portal Scroll;Chaos Orb;0.66692;Low
Hardcore;2024-04-15;Portal Scroll;Chaos Orb;0.07436;Low
Hardcore;2024-04-16;Portal Scroll;Chaos Orb;0.07436;Low
Hardcore;2024-04-17;Portal Scroll;Chaos Orb;0.07436;Low
Hardcore;2024-07-18;Portal Scroll;Chaos Orb;100;Low
Hardcore;2024-07-19;Portal Scroll;Chaos Orb;100;Low
Hardcore;2024-07-20;Portal Scroll;Chaos Orb;20;Low
Hardcore;2024-07-21;Portal Scroll;Chaos Orb;100;Low
Hardcore;2024-07-22;Portal Scroll;Chaos Orb;100;Low
Hardcore;2024-07-23;Portal Scroll;Chaos Orb;20;Low
Hardcore;2024-04-04;Esh's Breachstone;Chaos Orb;35;Low
Hardcore;2024-04-05;Esh's Breachstone;Chaos Orb;36.5;Low
Hardcore;2024-04-06;Esh's Breachstone;Chaos Orb;36.5;Low
Hardcore;2024-04-07;Esh's Breachstone;Chaos Orb;36.5;Low
Hardcore;2024-04-08;Esh's Breachstone;Chaos Orb;50;Low
Hardcore;2024-04-09;Esh's Breachstone;Chaos Orb;50;Low
Hardcore;2024-04-10;Esh's Breachstone;Chaos Orb;50;Low
Hardcore;2024-04-11;Esh's Breachstone;Chaos Orb;50;Low
Hardcore;2024-04-12;Esh's Breachstone;Chaos Orb;50;Low
Hardcore;2024-07-18;Esh's Breachstone;Chaos Orb;15;Low
Hardcore;2024-07-19;Esh's Breachstone;Chaos Orb;15;Low
Hardcore;2024-07-20;Esh's Breachstone;Chaos Orb;15;Low
Hardcore;2024-07-21;Esh's Breachstone;Chaos Orb;15;Low
Hardcore;2024-07-22;Esh's Breachstone;Chaos Orb;15;Low
Hardcore;2024-07-23;Esh's Breachstone;Chaos Orb;15;Low
Hardcore;2024-04-04;Xoph's Breachstone;Chaos Orb;1;Low
Hardcore;2024-04-17;Xoph's Breachstone;Chaos Orb;10;Low
Hardcore;2024-04-18;Xoph's Breachstone;Chaos Orb;10;Low
Hardcore;2024-04-19;Xoph's Breachstone;Chaos Orb;10;Low
Hardcore;2024-04-20;Xoph's Breachstone;Chaos Orb;10;Low
Hardcore;2024-04-21;Xoph's Breachstone;Chaos Orb;10;Low
Hardcore;2024-04-22;Xoph's Breachstone;Chaos Orb;10;Low
Hardcore;2024-04-23;Xoph's Breachstone;Chaos Orb;10;Low
Hardcore;2024-04-24;Xoph's Breachstone;Chaos Orb;10;Low
Hardcore;2024-07-18;Xoph's Breachstone;Chaos Orb;15;Low
Hardcore;2024-07-19;Xoph's Breachstone;Chaos Orb;15;Low
Hardcore;2024-07-20;Xoph's Breachstone;Chaos Orb;15;Low
Hardcore;2024-07-21;Xoph's Breachstone;Chaos Orb;15;Low
Hardcore;2024-07-22;Xoph's Breachstone;Chaos Orb;15;Low
Hardcore;2024-07-23;Xoph's Breachstone;Chaos Orb;15;Low
Hardcore;2024-07-21;Splinter of Chayula;Chaos Orb;5;Low
Hardcore;2024-07-22;Splinter of Chayula;Chaos Orb;5;Low
Hardcore;2024-07-23;Splinter of Chayula;Chaos Orb;5;Low
Hardcore;2024-04-04;Tul's Breachstone;Chaos Orb;1;Low
Hardcore;2024-07-18;Tul's Breachstone;Chaos Orb;15;Low
Hardcore;2024-07-19;Tul's Breachstone;Chaos Orb;15;Low
Hardcore;2024-07-20;Tul's Breachstone;Chaos Orb;15;Low
Hardcore;2024-07-21;Tul's Breachstone;Chaos Orb;15;Low
Hardcore;2024-07-22;Tul's Breachstone;Chaos Orb;15;Low
Hardcore;2024-07-23;Tul's Breachstone;Chaos Orb;15;Low
Hardcore;2024-05-09;Splinter of Uul-Netol;Chaos Orb;10;Low
Hardcore;2024-05-10;Splinter of Uul-Netol;Chaos Orb;10;Low
Hardcore;2024-05-11;Splinter of Uul-Netol;Chaos Orb;10;Low
Hardcore;2024-05-12;Splinter of Uul-Netol;Chaos Orb;10;Low
Hardcore;2024-05-13;Splinter of Uul-Netol;Chaos Orb;10;Low
Hardcore;2024-05-14;Splinter of Uul-Netol;Chaos Orb;10;Low
Hardcore;2024-05-15;Splinter of Uul-Netol;Chaos Orb;10;Low
Hardcore;2024-05-16;Splinter of Uul-Netol;Chaos Orb;10;Low
Hardcore;2024-07-18;Splinter of Uul-Netol;Chaos Orb;15;Low
Hardcore;2024-07-19;Splinter of Uul-Netol;Chaos Orb;15;Low
Hardcore;2024-07-20;Splinter of Uul-Netol;Chaos Orb;15;Low
Hardcore;2024-07-21;Splinter of Uul-Netol;Chaos Orb;6;Low
Hardcore;2024-07-22;Splinter of Uul-Netol;Chaos Orb;6;Low
Hardcore;2024-07-23;Splinter of Uul-Netol;Chaos Orb;6;Low
Hardcore;2024-06-15;Splinter of Esh;Chaos Orb;10;Low
Hardcore;2024-06-16;Splinter of Esh;Chaos Orb;10;Low
Hardcore;2024-06-17;Splinter of Esh;Chaos Orb;10;Low
Hardcore;2024-06-18;Splinter of Esh;Chaos Orb;10;Low
Hardcore;2024-06-19;Splinter of Esh;Chaos Orb;10;Low
Hardcore;2024-06-20;Splinter of Esh;Chaos Orb;10;Low
Hardcore;2024-06-21;Splinter of Esh;Chaos Orb;10;Low
Hardcore;2024-06-22;Splinter of Esh;Chaos Orb;10;Low
Hardcore;2024-07-18;Splinter of Esh;Chaos Orb;15;Low
Hardcore;2024-07-19;Splinter of Esh;Chaos Orb;15;Low
Hardcore;2024-07-20;Splinter of Esh;Chaos Orb;15;Low
Hardcore;2024-07-21;Splinter of Esh;Chaos Orb;6;Low
Hardcore;2024-07-22;Splinter of Esh;Chaos Orb;6;Low
Hardcore;2024-07-23;Splinter of Esh;Chaos Orb;6;Low
Hardcore;2024-06-16;Splinter of Tul;Chaos Orb;10;Low
Hardcore;2024-06-17;Splinter of Tul;Chaos Orb;10;Low
Hardcore;2024-06-18;Splinter of Tul;Chaos Orb;10;Low
Hardcore;2024-06-19;Splinter of Tul;Chaos Orb;10;Low
Hardcore;2024-06-20;Splinter of Tul;Chaos Orb;10;Low
Hardcore;2024-06-21;Splinter of Tul;Chaos Orb;10;Low
Hardcore;2024-06-22;Splinter of Tul;Chaos Orb;10;Low
Hardcore;2024-06-23;Splinter of Tul;Chaos Orb;10;Low
Hardcore;2024-07-12;Splinter of Tul;Chaos Orb;0.625;Low
Hardcore;2024-07-13;Splinter of Tul;Chaos Orb;0.625;Low
Hardcore;2024-07-14;Splinter of Tul;Chaos Orb;0.625;Low
Hardcore;2024-07-15;Splinter of Tul;Chaos Orb;0.625;Low
Hardcore;2024-07-16;Splinter of Tul;Chaos Orb;0.625;Low
Hardcore;2024-07-17;Splinter of Tul;Chaos Orb;0.625;Low
Hardcore;2024-07-18;Splinter of Tul;Chaos Orb;0.625;Low
Hardcore;2024-07-19;Splinter of Tul;Chaos Orb;15;Low
Hardcore;2024-07-20;Splinter of Tul;Chaos Orb;15;Low
Hardcore;2024-07-21;Splinter of Tul;Chaos Orb;6;Low
Hardcore;2024-07-22;Splinter of Tul;Chaos Orb;6;Low
Hardcore;2024-07-23;Splinter of Tul;Chaos Orb;6;Low
Hardcore;2024-04-17;Blessing of Tul;Chaos Orb;10;Low
Hardcore;2024-04-18;Blessing of Tul;Chaos Orb;10;Low
Hardcore;2024-04-19;Blessing of Tul;Chaos Orb;10;Low
Hardcore;2024-04-20;Blessing of Tul;Chaos Orb;10;Low
Hardcore;2024-04-21;Blessing of Tul;Chaos Orb;10;Low
Hardcore;2024-04-22;Blessing of Tul;Chaos Orb;10;Low
Hardcore;2024-04-23;Blessing of Tul;Chaos Orb;10;Low
Hardcore;2024-04-24;Blessing of Tul;Chaos Orb;10;Low
Hardcore;2024-07-18;Blessing of Xoph;Chaos Orb;15;Low
Hardcore;2024-07-19;Blessing of Xoph;Chaos Orb;15;Low
Hardcore;2024-07-20;Blessing of Xoph;Chaos Orb;15;Low
Hardcore;2024-07-21;Blessing of Xoph;Chaos Orb;15;Low
Hardcore;2024-07-22;Blessing of Xoph;Chaos Orb;15;Low
Hardcore;2024-07-23;Blessing of Xoph;Chaos Orb;15;Low
Hardcore;2024-05-09;Splinter of Xoph;Chaos Orb;10;Low
Hardcore;2024-05-10;Splinter of Xoph;Chaos Orb;10;Low
Hardcore;2024-05-11;Splinter of Xoph;Chaos Orb;10;Low
Hardcore;2024-05-12;Splinter of Xoph;Chaos Orb;10;Low
Hardcore;2024-05-13;Splinter of Xoph;Chaos Orb;10;Low
Hardcore;2024-05-14;Splinter of Xoph;Chaos Orb;10;Low
Hardcore;2024-05-15;Splinter of Xoph;Chaos Orb;10;Low
Hardcore;2024-05-16;Splinter of Xoph;Chaos Orb;10;Low
Hardcore;2024-07-18;Splinter of Xoph;Chaos Orb;15;Low
Hardcore;2024-07-19;Splinter of Xoph;Chaos Orb;15;Low
Hardcore;2024-07-20;Splinter of Xoph;Chaos Orb;15;Low
Hardcore;2024-07-21;Splinter of Xoph;Chaos Orb;6;Low
Hardcore;2024-07-22;Splinter of Xoph;Chaos Orb;6;Low
Hardcore;2024-07-23;Splinter of Xoph;Chaos Orb;6;Low
Hardcore;2024-04-04;Mortal Rage;Chaos Orb;69;Low
Hardcore;2024-04-05;Mortal Rage;Chaos Orb;69;Low
Hardcore;2024-04-06;Mortal Rage;Chaos Orb;69;Low
Hardcore;2024-04-07;Mortal Rage;Chaos Orb;69;Low
Hardcore;2024-04-08;Mortal Rage;Chaos Orb;69;Low
Hardcore;2024-04-09;Mortal Rage;Chaos Orb;69;Low
Hardcore;2024-07-18;Uul-Netol's Breachstone;Chaos Orb;15;Low
Hardcore;2024-07-19;Uul-Netol's Breachstone;Chaos Orb;15;Low
Hardcore;2024-07-20;Uul-Netol's Breachstone;Chaos Orb;15;Low
Hardcore;2024-07-21;Uul-Netol's Breachstone;Chaos Orb;15;Low
Hardcore;2024-07-22;Uul-Netol's Breachstone;Chaos Orb;15;Low
Hardcore;2024-07-23;Uul-Netol's Breachstone;Chaos Orb;15;Low
Hardcore;2024-04-18;Chaos Orb;Eternal Orb;0.001;Low
Hardcore;2024-04-19;Chaos Orb;Eternal Orb;0.001;Low
Hardcore;2024-04-20;Chaos Orb;Eternal Orb;0.001;Low
Hardcore;2024-04-21;Chaos Orb;Eternal Orb;0.001;Low
Hardcore;2024-04-22;Chaos Orb;Eternal Orb;0.001;Low
Hardcore;2024-04-23;Chaos Orb;Eternal Orb;0.001;Low
Hardcore;2024-04-24;Chaos Orb;Eternal Orb;0.001;Low
Hardcore;2024-04-25;Chaos Orb;Eternal Orb;0.001;Low
Hardcore;2024-04-04;Divine Vessel;Chaos Orb;2.9;Low
Hardcore;2024-04-05;Divine Vessel;Chaos Orb;2.9;Low
Hardcore;2024-04-06;Divine Vessel;Chaos Orb;2.9;Low
Hardcore;2024-04-07;Divine Vessel;Chaos Orb;2.9;Low
Hardcore;2024-04-08;Divine Vessel;Chaos Orb;2.9;Low
Hardcore;2024-04-09;Divine Vessel;Chaos Orb;20;Low
Hardcore;2024-04-10;Divine Vessel;Chaos Orb;20;Low
Hardcore;2024-04-11;Divine Vessel;Chaos Orb;20;Low
Hardcore;2024-04-12;Divine Vessel;Chaos Orb;20;Low
Hardcore;2024-04-13;Divine Vessel;Chaos Orb;20;Low
Hardcore;2024-04-14;Divine Vessel;Chaos Orb;20;Low
Hardcore;2024-04-15;Divine Vessel;Chaos Orb;20;Low
Hardcore;2024-04-16;Divine Vessel;Chaos Orb;20;Low
Hardcore;2024-04-04;Chaos Orb;Mirror of Kalandra;0.00002;Low
Hardcore;2024-05-02;Chaos Orb;Mirror of Kalandra;0.00003;Low
Hardcore;2024-05-03;Chaos Orb;Mirror of Kalandra;0.00003;Low
Hardcore;2024-05-04;Chaos Orb;Mirror of Kalandra;0.00003;Low
Hardcore;2024-05-05;Chaos Orb;Mirror of Kalandra;0.00003;Low
Hardcore;2024-05-06;Chaos Orb;Mirror of Kalandra;0.00003;Low
Hardcore;2024-05-07;Chaos Orb;Mirror of Kalandra;0.00003;Low
Hardcore;2024-05-08;Chaos Orb;Mirror of Kalandra;0.00003;Low
Hardcore;2024-05-09;Chaos Orb;Mirror of Kalandra;0.00003;Low
Hardcore;2024-06-09;Chaos Orb;Mirror of Kalandra;0.00003;Low
Hardcore;2024-06-10;Chaos Orb;Mirror of Kalandra;0.00003;Low
Hardcore;2024-06-11;Chaos Orb;Mirror of Kalandra;0.00003;Low
Hardcore;2024-06-12;Chaos Orb;Mirror of Kalandra;0.00003;Low
Hardcore;2024-06-13;Chaos Orb;Mirror of Kalandra;0.00003;Low
Hardcore;2024-06-14;Chaos Orb;Mirror of Kalandra;0.00003;Low
Hardcore;2024-06-15;Chaos Orb;Mirror of Kalandra;0.00003;Low
Hardcore;2024-06-16;Chaos Orb;Mirror of Kalandra;0.00003;Low
Hardcore;2024-06-17;Chaos Orb;Mirror of Kalandra;0.00003;Low
Hardcore;2024-06-18;Chaos Orb;Mirror of Kalandra;0.00003;Low
Hardcore;2024-06-19;Chaos Orb;Mirror of Kalandra;0.00003;Low
Hardcore;2024-06-20;Chaos Orb;Mirror of Kalandra;0.00003;Low
Hardcore;2024-06-21;Chaos Orb;Mirror of Kalandra;0.00003;Low
Hardcore;2024-06-22;Chaos Orb;Mirror of Kalandra;0.00003;Low
Hardcore;2024-07-12;Chaos Orb;Mirror of Kalandra;0.00003;Low
Hardcore;2024-07-13;Chaos Orb;Mirror of Kalandra;0.00003;Low
Hardcore;2024-07-14;Chaos Orb;Mirror of Kalandra;0.00003;Low
Hardcore;2024-07-15;Chaos Orb;Mirror of Kalandra;0.00003;Low
Hardcore;2024-07-16;Chaos Orb;Mirror of Kalandra;0.00003;Low
Hardcore;2024-07-17;Chaos Orb;Mirror of Kalandra;0.00003;Low
Hardcore;2024-07-18;Chaos Orb;Mirror of Kalandra;0.00003;Low
Hardcore;2024-07-19;Chaos Orb;Mirror of Kalandra;0.00003;Low
Hardcore;2024-04-17;Orb of Annulment;Chaos Orb;59.9994;Low
Hardcore;2024-04-18;Orb of Annulment;Chaos Orb;59.9994;Low
Hardcore;2024-04-19;Orb of Annulment;Chaos Orb;59.9994;Low
Hardcore;2024-04-20;Orb of Annulment;Chaos Orb;59.9994;Low
Hardcore;2024-04-21;Orb of Annulment;Chaos Orb;59.9994;Low
Hardcore;2024-04-22;Orb of Annulment;Chaos Orb;59.9994;Low
Hardcore;2024-04-23;Orb of Annulment;Chaos Orb;59.9994;Low
Hardcore;2024-04-24;Orb of Annulment;Chaos Orb;59.9994;Low
Hardcore;2024-04-27;Orb of Annulment;Chaos Orb;49.9995;Low
Hardcore;2024-04-24;Exalted Shard;Chaos Orb;3;Low
Hardcore;2024-04-25;Exalted Shard;Chaos Orb;3;Low
Hardcore;2024-04-26;Exalted Shard;Chaos Orb;3;Low
Hardcore;2024-04-27;Exalted Shard;Chaos Orb;3;Low
Hardcore;2024-04-28;Exalted Shard;Chaos Orb;3;Low
Hardcore;2024-04-29;Exalted Shard;Chaos Orb;3;Low
Hardcore;2024-04-30;Exalted Shard;Chaos Orb;3;Low
Hardcore;2024-05-01;Exalted Shard;Chaos Orb;3;Low
Hardcore;2024-04-13;Harbinger's Orb;Chaos Orb;3.571;Low
Hardcore;2024-07-19;Harbinger's Orb;Chaos Orb;7.142;Low
Hardcore;2024-07-20;Harbinger's Orb;Chaos Orb;7.142;Low
Hardcore;2024-07-21;Harbinger's Orb;Chaos Orb;7.142;Low
Hardcore;2024-07-22;Harbinger's Orb;Chaos Orb;7.142;Low
Hardcore;2024-07-23;Harbinger's Orb;Chaos Orb;7.142;Low
Hardcore;2024-04-04;Orb of Binding;Chaos Orb;0.4878;Low
Hardcore;2024-04-05;Orb of Binding;Chaos Orb;0.4878;Low
Hardcore;2024-04-06;Orb of Binding;Chaos Orb;0.4878;Low
Hardcore;2024-04-07;Orb of Binding;Chaos Orb;0.4878;Low
Hardcore;2024-04-08;Orb of Binding;Chaos Orb;0.4878;Low
Hardcore;2024-04-09;Orb of Binding;Chaos Orb;0.4878;Low
Hardcore;2024-04-10;Orb of Binding;Chaos Orb;0.4878;Low
Hardcore;2024-04-11;Orb of Binding;Chaos Orb;0.4878;Low
Hardcore;2024-04-12;Orb of Binding;Chaos Orb;0.4878;Low
Hardcore;2024-04-13;Orb of Binding;Chaos Orb;0.4878;Low
Hardcore;2024-04-14;Orb of Binding;Chaos Orb;0.4878;Low
Hardcore;2024-04-15;Orb of Binding;Chaos Orb;0.4878;Low
Hardcore;2024-04-16;Orb of Binding;Chaos Orb;0.4878;Low
Hardcore;2024-04-17;Orb of Binding;Chaos Orb;0.4878;Low
Hardcore;2024-04-05;Engineer's Orb;Chaos Orb;2;Low
Hardcore;2024-04-06;Engineer's Orb;Chaos Orb;2;Low
Hardcore;2024-04-07;Engineer's Orb;Chaos Orb;2;Low
Hardcore;2024-04-08;Engineer's Orb;Chaos Orb;2;Low
Hardcore;2024-04-09;Engineer's Orb;Chaos Orb;2;Low
Hardcore;2024-04-10;Engineer's Orb;Chaos Orb;2;Low
Hardcore;2024-04-11;Engineer's Orb;Chaos Orb;2;Low
Hardcore;2024-04-12;Engineer's Orb;Chaos Orb;2;Low
Hardcore;2024-04-13;Ancient Orb;Chaos Orb;3.846;Low
Hardcore;2024-07-19;Ancient Orb;Chaos Orb;7.692;Low
Hardcore;2024-07-20;Ancient Orb;Chaos Orb;7.692;Low
Hardcore;2024-07-21;Ancient Orb;Chaos Orb;7.692;Low
Hardcore;2024-07-22;Ancient Orb;Chaos Orb;7.692;Low
Hardcore;2024-07-23;Ancient Orb;Chaos Orb;7.692;Low
Hardcore;2024-06-13;Timeless Templar Splinter;Chaos Orb;10;Low
Hardcore;2024-06-14;Timeless Templar Splinter;Chaos Orb;10;Low
Hardcore;2024-06-15;Timeless Templar Splinter;Chaos Orb;10;Low
Hardcore;2024-06-16;Timeless Templar Splinter;Chaos Orb;10;Low
Hardcore;2024-06-17;Timeless Templar Splinter;Chaos Orb;10;Low
Hardcore;2024-06-18;Timeless Templar Splinter;Chaos Orb;10;Low
Hardcore;2024-06-19;Timeless Templar Splinter;Chaos Orb;10;Low
Hardcore;2024-06-20;Timeless Templar Splinter;Chaos Orb;10;Low
Hardcore;2024-04-06;Stacked Deck;Chaos Orb;3;Low
Hardcore;2024-04-07;Stacked Deck;Chaos Orb;3;Low
Hardcore;2024-04-08;Stacked Deck;Chaos Orb;3;Low
Hardcore;2024-04-09;Stacked Deck;Chaos Orb;3;Low
Hardcore;2024-04-10;Stacked Deck;Chaos Orb;3;Low
Hardcore;2024-04-11;Stacked Deck;Chaos Orb;3;Low
Hardcore;2024-04-12;Stacked Deck;Chaos Orb;3;Low
Hardcore;2024-04-13;Stacked Deck;Chaos Orb;3;Low
Hardcore;2024-07-05;Stacked Deck;Chaos Orb;5;Low
Hardcore;2024-04-17;Prismatic Catalyst;Chaos Orb;4;Low
Hardcore;2024-04-18;Prismatic Catalyst;Chaos Orb;4;Low
Hardcore;2024-04-19;Prismatic Catalyst;Chaos Orb;4;Low
Hardcore;2024-04-20;Prismatic Catalyst;Chaos Orb;4;Low
Hardcore;2024-04-21;Prismatic Catalyst;Chaos Orb;4;Low
Hardcore;2024-04-22;Prismatic Catalyst;Chaos Orb;4;Low
Hardcore;2024-04-23;Prismatic Catalyst;Chaos Orb;4;Low
Hardcore;2024-04-24;Prismatic Catalyst;Chaos Orb;4;Low
Hardcore;2024-06-29;Prismatic Catalyst;Chaos Orb;18;Low
Hardcore;2024-06-30;Prismatic Catalyst;Chaos Orb;18;Low
Hardcore;2024-07-01;Prismatic Catalyst;Chaos Orb;18;Low
Hardcore;2024-07-18;Tempering Catalyst;Chaos Orb;15;Low
Hardcore;2024-07-19;Tempering Catalyst;Chaos Orb;15;Low
Hardcore;2024-07-20;Tempering Catalyst;Chaos Orb;15;Low
Hardcore;2024-07-21;Tempering Catalyst;Chaos Orb;15;Low
Hardcore;2024-07-22;Tempering Catalyst;Chaos Orb;15;Low
Hardcore;2024-07-23;Tempering Catalyst;Chaos Orb;15;Low
Hardcore;2024-06-29;Turbulent Catalyst;Chaos Orb;2;Low
Hardcore;2024-06-30;Turbulent Catalyst;Chaos Orb;2;Low
Hardcore;2024-07-01;Turbulent Catalyst;Chaos Orb;2;Low
Hardcore;2024-07-02;Turbulent Catalyst;Chaos Orb;2;Low
Hardcore;2024-07-03;Turbulent Catalyst;Chaos Orb;2;Low
Hardcore;2024-07-04;Turbulent Catalyst;Chaos Orb;2;Low
Hardcore;2024-07-05;Turbulent Catalyst;Chaos Orb;2;Low
Hardcore;2024-07-06;Turbulent Catalyst;Chaos Orb;2;Low
Hardcore;2024-07-18;Turbulent Catalyst;Chaos Orb;15;Low
Hardcore;2024-07-19;Turbulent Catalyst;Chaos Orb;15;Low
Hardcore;2024-07-20;Turbulent Catalyst;Chaos Orb;15;Low
Hardcore;2024-07-21;Turbulent Catalyst;Chaos Orb;15;Low
Hardcore;2024-07-22;Turbulent Catalyst;Chaos Orb;15;Low
Hardcore;2024-07-23;Turbulent Catalyst;Chaos Orb;15;Low
Hardcore;2024-06-29;Imbued Catalyst;Chaos Orb;4;Low
Hardcore;2024-06-30;Imbued Catalyst;Chaos Orb;4;Low
Hardcore;2024-07-01;Imbued Catalyst;Chaos Orb;4;Low
Hardcore;2024-07-02;Imbued Catalyst;Chaos Orb;4;Low
Hardcore;2024-07-03;Imbued Catalyst;Chaos Orb;4;Low
Hardcore;2024-07-04;Imbued Catalyst;Chaos Orb;4;Low
Hardcore;2024-07-05;Imbued Catalyst;Chaos Orb;4;Low
Hardcore;2024-07-06;Imbued Catalyst;Chaos Orb;4;Low
Hardcore;2024-07-18;Imbued Catalyst;Chaos Orb;15;Low
Hardcore;2024-07-19;Imbued Catalyst;Chaos Orb;15;Low
Hardcore;2024-07-20;Imbued Catalyst;Chaos Orb;15;Low
Hardcore;2024-07-21;Imbued Catalyst;Chaos Orb;15;Low
Hardcore;2024-07-22;Imbued Catalyst;Chaos Orb;15;Low
Hardcore;2024-07-23;Imbued Catalyst;Chaos Orb;15;Low
Hardcore;2024-06-29;Abrasive Catalyst;Chaos Orb;3;Low
Hardcore;2024-06-30;Abrasive Catalyst;Chaos Orb;3;Low
Hardcore;2024-07-01;Abrasive Catalyst;Chaos Orb;3;Low
Hardcore;2024-07-02;Abrasive Catalyst;Chaos Orb;3;Low
Hardcore;2024-07-03;Abrasive Catalyst;Chaos Orb;3;Low
Hardcore;2024-07-04;Abrasive Catalyst;Chaos Orb;3;Low
Hardcore;2024-07-05;Abrasive Catalyst;Chaos Orb;3;Low
Hardcore;2024-07-06;Abrasive Catalyst;Chaos Orb;3;Low
Hardcore;2024-07-19;Abrasive Catalyst;Chaos Orb;1000;Low
Hardcore;2024-07-20;Abrasive Catalyst;Chaos Orb;1000;Low
Hardcore;2024-07-21;Abrasive Catalyst;Chaos Orb;1000;Low
Hardcore;2024-07-22;Abrasive Catalyst;Chaos Orb;1000;Low
Hardcore;2024-07-23;Abrasive Catalyst;Chaos Orb;1000;Low
Hardcore;2024-06-29;Fertile Catalyst;Chaos Orb;40;Low
Hardcore;2024-06-30;Fertile Catalyst;Chaos Orb;40;Low
Hardcore;2024-07-01;Fertile Catalyst;Chaos Orb;40;Low
Hardcore;2024-07-02;Fertile Catalyst;Chaos Orb;40;Low
Hardcore;2024-07-03;Fertile Catalyst;Chaos Orb;40;Low
Hardcore;2024-07-04;Fertile Catalyst;Chaos Orb;40;Low
Hardcore;2024-07-05;Fertile Catalyst;Chaos Orb;40;Low
Hardcore;2024-07-06;Fertile Catalyst;Chaos Orb;40;Low
Hardcore;2024-07-19;Fertile Catalyst;Chaos Orb;1000;Low
Hardcore;2024-07-20;Fertile Catalyst;Chaos Orb;1000;Low
Hardcore;2024-07-21;Fertile Catalyst;Chaos Orb;1000;Low
Hardcore;2024-07-22;Fertile Catalyst;Chaos Orb;1000;Low
Hardcore;2024-07-23;Fertile Catalyst;Chaos Orb;1000;Low
Hardcore;2024-04-17;Intrinsic Catalyst;Chaos Orb;2;Low
Hardcore;2024-04-18;Intrinsic Catalyst;Chaos Orb;2;Low
Hardcore;2024-04-19;Intrinsic Catalyst;Chaos Orb;2;Low
Hardcore;2024-04-20;Intrinsic Catalyst;Chaos Orb;2;Low
Hardcore;2024-04-21;Intrinsic Catalyst;Chaos Orb;2;Low
Hardcore;2024-04-22;Intrinsic Catalyst;Chaos Orb;2;Low
Hardcore;2024-04-23;Intrinsic Catalyst;Chaos Orb;2;Low
Hardcore;2024-04-24;Intrinsic Catalyst;Chaos Orb;2;Low
Hardcore;2024-06-29;Intrinsic Catalyst;Chaos Orb;2;Low
Hardcore;2024-06-30;Intrinsic Catalyst;Chaos Orb;2;Low
Hardcore;2024-07-01;Intrinsic Catalyst;Chaos Orb;2;Low
Hardcore;2024-07-02;Intrinsic Catalyst;Chaos Orb;2;Low
Hardcore;2024-07-03;Intrinsic Catalyst;Chaos Orb;2;Low
Hardcore;2024-07-04;Intrinsic Catalyst;Chaos Orb;2;Low
Hardcore;2024-07-05;Intrinsic Catalyst;Chaos Orb;2;Low
Hardcore;2024-07-06;Intrinsic Catalyst;Chaos Orb;2;Low
Hardcore;2024-07-19;Intrinsic Catalyst;Chaos Orb;1000;Low
Hardcore;2024-07-20;Intrinsic Catalyst;Chaos Orb;1000;Low
Hardcore;2024-07-21;Intrinsic Catalyst;Chaos Orb;1000;Low
Hardcore;2024-07-22;Intrinsic Catalyst;Chaos Orb;1000;Low
Hardcore;2024-07-23;Intrinsic Catalyst;Chaos Orb;1000;Low
Hardcore;2024-04-04;Simulacrum;Chaos Orb;88;Low
Hardcore;2024-04-05;Simulacrum;Chaos Orb;88;Low
Hardcore;2024-04-17;Simulacrum Splinter;Chaos Orb;4;Low
Hardcore;2024-04-18;Simulacrum Splinter;Chaos Orb;4;Low
Hardcore;2024-04-19;Simulacrum Splinter;Chaos Orb;4;Low
Hardcore;2024-04-20;Simulacrum Splinter;Chaos Orb;4;Low
Hardcore;2024-04-21;Simulacrum Splinter;Chaos Orb;4;Low
Hardcore;2024-04-22;Simulacrum Splinter;Chaos Orb;4;Low
Hardcore;2024-04-23;Simulacrum Splinter;Chaos Orb;4;Low
Hardcore;2024-04-24;Simulacrum Splinter;Chaos Orb;4;Low
Hardcore;2024-04-04;Fragment of Emptiness;Chaos Orb;30;Low
Hardcore;2024-04-05;Fragment of Emptiness;Chaos Orb;30;Low
Hardcore;2024-04-04;Tribute to the Goddess;Chaos Orb;60;Low
Hardcore;2024-07-05;Tribute to the Goddess;Chaos Orb;10;Low
Hardcore;2024-07-06;Tribute to the Goddess;Chaos Orb;10;Low
Hardcore;2024-07-07;Tribute to the Goddess;Chaos Orb;10;Low
Hardcore;2024-07-08;Tribute to the Goddess;Chaos Orb;10;Low
Hardcore;2024-07-09;Tribute to the Goddess;Chaos Orb;10;Low
Hardcore;2024-07-10;Tribute to the Goddess;Chaos Orb;10;Low
Hardcore;2024-07-11;Tribute to the Goddess;Chaos Orb;10;Low
Hardcore;2024-07-12;Tribute to the Goddess;Chaos Orb;10;Low
Hardcore;2024-07-16;Dedication to the Goddess;Chaos Orb;30;Low
Hardcore;2024-07-17;Dedication to the Goddess;Chaos Orb;30;Low
Hardcore;2024-07-18;Dedication to the Goddess;Chaos Orb;30;Low
Hardcore;2024-07-21;Dedication to the Goddess;Chaos Orb;600;Low
Hardcore;2024-07-22;Dedication to the Goddess;Chaos Orb;600;Low
Hardcore;2024-07-23;Dedication to the Goddess;Chaos Orb;600;Low
Hardcore;2024-04-04;Ritual Vessel;Chaos Orb;24;Low
Hardcore;2024-04-05;Ritual Vessel;Chaos Orb;24;Low
Hardcore;2024-04-06;Ritual Vessel;Chaos Orb;24;Low
Hardcore;2024-04-07;Ritual Vessel;Chaos Orb;24;Low
Hardcore;2024-04-08;Ritual Vessel;Chaos Orb;24;Low
Hardcore;2024-04-09;Ritual Vessel;Chaos Orb;24;Low
Hardcore;2024-06-29;Accelerating Catalyst;Chaos Orb;4;Low
Hardcore;2024-06-30;Accelerating Catalyst;Chaos Orb;4;Low
Hardcore;2024-07-01;Accelerating Catalyst;Chaos Orb;4;Low
Hardcore;2024-07-02;Accelerating Catalyst;Chaos Orb;4;Low
Hardcore;2024-07-03;Accelerating Catalyst;Chaos Orb;4;Low
Hardcore;2024-07-04;Accelerating Catalyst;Chaos Orb;4;Low
Hardcore;2024-07-05;Accelerating Catalyst;Chaos Orb;4;Low
Hardcore;2024-07-06;Accelerating Catalyst;Chaos Orb;4;Low
Hardcore;2024-06-29;Unstable Catalyst;Chaos Orb;4;Low
Hardcore;2024-06-30;Unstable Catalyst;Chaos Orb;4;Low
Hardcore;2024-07-01;Unstable Catalyst;Chaos Orb;4;Low
Hardcore;2024-07-02;Unstable Catalyst;Chaos Orb;4;Low
Hardcore;2024-07-03;Unstable Catalyst;Chaos Orb;4;Low
Hardcore;2024-07-04;Unstable Catalyst;Chaos Orb;4;Low
Hardcore;2024-07-05;Unstable Catalyst;Chaos Orb;4;Low
Hardcore;2024-07-06;Unstable Catalyst;Chaos Orb;4;Low
Hardcore;2024-04-04;Veiled Orb;Chaos Orb;20;Low
Hardcore;2024-04-13;Veiled Orb;Chaos Orb;500;Low
Hardcore;2024-07-23;Veiled Orb;Chaos Orb;1800;Low
Hardcore;2024-06-29;Noxious Catalyst;Chaos Orb;3;Low
Hardcore;2024-06-30;Noxious Catalyst;Chaos Orb;3;Low
Hardcore;2024-07-01;Noxious Catalyst;Chaos Orb;3;Low
Hardcore;2024-07-02;Noxious Catalyst;Chaos Orb;3;Low
Hardcore;2024-07-03;Noxious Catalyst;Chaos Orb;3;Low
Hardcore;2024-07-04;Noxious Catalyst;Chaos Orb;3;Low
Hardcore;2024-07-05;Noxious Catalyst;Chaos Orb;3;Low
Hardcore;2024-07-06;Noxious Catalyst;Chaos Orb;3;Low
Hardcore;2024-04-04;Instilling Orb;Chaos Orb;10;Low
Hardcore;2024-04-14;Explorer's Scouting Report;Chaos Orb;1;Low
Hardcore;2024-04-15;Explorer's Scouting Report;Chaos Orb;1;Low
Hardcore;2024-04-16;Explorer's Scouting Report;Chaos Orb;1;Low
Hardcore;2024-04-17;Explorer's Scouting Report;Chaos Orb;1;Low
Hardcore;2024-04-18;Explorer's Scouting Report;Chaos Orb;1;Low
Hardcore;2024-04-19;Explorer's Scouting Report;Chaos Orb;1;Low
Hardcore;2024-04-20;Explorer's Scouting Report;Chaos Orb;1;Low
Hardcore;2024-04-21;Explorer's Scouting Report;Chaos Orb;1;Low
Hardcore;2024-05-07;Explorer's Scouting Report;Chaos Orb;20;Low
Hardcore;2024-05-08;Explorer's Scouting Report;Chaos Orb;20;Low
Hardcore;2024-05-09;Explorer's Scouting Report;Chaos Orb;20;Low
Hardcore;2024-05-10;Explorer's Scouting Report;Chaos Orb;11;Low
Hardcore;2024-05-11;Explorer's Scouting Report;Chaos Orb;11;Low
Hardcore;2024-05-12;Explorer's Scouting Report;Chaos Orb;11;Low
Hardcore;2024-05-13;Explorer's Scouting Report;Chaos Orb;11;Low
Hardcore;2024-05-14;Explorer's Scouting Report;Chaos Orb;10;Low
Hardcore;2024-05-15;Explorer's Scouting Report;Chaos Orb;10;Low
Hardcore;2024-05-16;Explorer's Scouting Report;Chaos Orb;10;Low
Hardcore;2024-06-20;Explorer's Scouting Report;Chaos Orb;5;Low
Hardcore;2024-06-22;Explorer's Scouting Report;Chaos Orb;5;Low
Hardcore;2024-07-23;Explorer's Scouting Report;Chaos Orb;100;Low
Hardcore;2024-07-23;Singular Scouting Report;Chaos Orb;100;Low
Hardcore;2024-05-10;Vaal Scouting Report;Chaos Orb;10;Low
Hardcore;2024-05-11;Vaal Scouting Report;Chaos Orb;10;Low
Hardcore;2024-05-12;Vaal Scouting Report;Chaos Orb;10;Low
Hardcore;2024-05-13;Vaal Scouting Report;Chaos Orb;10;Low
Hardcore;2024-05-14;Vaal Scouting Report;Chaos Orb;10;Low
Hardcore;2024-05-15;Vaal Scouting Report;Chaos Orb;10;Low
Hardcore;2024-05-16;Vaal Scouting Report;Chaos Orb;10;Low
Hardcore;2024-05-17;Vaal Scouting Report;Chaos Orb;10;Low
Hardcore;2024-07-23;Vaal Scouting Report;Chaos Orb;100;Low
Hardcore;2024-04-13;Lesser Eldritch Ember;Chaos Orb;3.333;Low
Hardcore;2024-04-17;Lesser Eldritch Ember;Chaos Orb;5.9994;Low
Hardcore;2024-04-18;Lesser Eldritch Ember;Chaos Orb;5.9994;Low
Hardcore;2024-04-19;Lesser Eldritch Ember;Chaos Orb;5.9994;Low
Hardcore;2024-04-20;Lesser Eldritch Ember;Chaos Orb;5.9994;Low
Hardcore;2024-04-21;Lesser Eldritch Ember;Chaos Orb;5.9994;Low
Hardcore;2024-04-22;Lesser Eldritch Ember;Chaos Orb;5.9994;Low
Hardcore;2024-04-23;Lesser Eldritch Ember;Chaos Orb;5.9994;Low
Hardcore;2024-04-24;Lesser Eldritch Ember;Chaos Orb;5.9994;Low
Hardcore;2024-04-27;Lesser Eldritch Ember;Chaos Orb;4.9995;Low
Hardcore;2024-07-19;Lesser Eldritch Ember;Chaos Orb;6.666;Low
Hardcore;2024-07-20;Lesser Eldritch Ember;Chaos Orb;6.666;Low
Hardcore;2024-07-21;Lesser Eldritch Ember;Chaos Orb;6.666;Low
Hardcore;2024-07-22;Lesser Eldritch Ember;Chaos Orb;6.666;Low
Hardcore;2024-07-23;Lesser Eldritch Ember;Chaos Orb;6.666;Low
Hardcore;2024-04-13;Grand Eldritch Ichor;Chaos Orb;14.286;Low
Hardcore;2024-04-17;Grand Eldritch Ichor;Chaos Orb;25.7148;Low
Hardcore;2024-04-18;Grand Eldritch Ichor;Chaos Orb;25.7148;Low
Hardcore;2024-04-19;Grand Eldritch Ichor;Chaos Orb;25.7148;Low
Hardcore;2024-04-20;Grand Eldritch Ichor;Chaos Orb;25.7148;Low
Hardcore;2024-04-21;Grand Eldritch Ichor;Chaos Orb;25.7148;Low
Hardcore;2024-04-22;Grand Eldritch Ichor;Chaos Orb;25.7148;Low
Hardcore;2024-04-23;Grand Eldritch Ichor;Chaos Orb;25.7148;Low
Hardcore;2024-04-24;Grand Eldritch Ichor;Chaos Orb;25.7148;Low
Hardcore;2024-04-27;Grand Eldritch Ichor;Chaos Orb;21.429;Low
Hardcore;2024-07-19;Grand Eldritch Ichor;Chaos Orb;28.572;Low
Hardcore;2024-07-20;Grand Eldritch Ichor;Chaos Orb;28.572;Low
Hardcore;2024-07-21;Grand Eldritch Ichor;Chaos Orb;28.572;Low
Hardcore;2024-07-22;Grand Eldritch Ichor;Chaos Orb;28.572;Low
Hardcore;2024-07-23;Grand Eldritch Ichor;Chaos Orb;28.572;Low
Hardcore;2024-04-13;Grand Eldritch Ember;Chaos Orb;14.286;Low
Hardcore;2024-04-17;Grand Eldritch Ember;Chaos Orb;25.7148;Low
Hardcore;2024-04-18;Grand Eldritch Ember;Chaos Orb;25.7148;Low
Hardcore;2024-04-19;Grand Eldritch Ember;Chaos Orb;25.7148;Low
Hardcore;2024-04-20;Grand Eldritch Ember;Chaos Orb;25.7148;Low
Hardcore;2024-04-21;Grand Eldritch Ember;Chaos Orb;25.7148;Low
Hardcore;2024-04-22;Grand Eldritch Ember;Chaos Orb;25.7148;Low
Hardcore;2024-04-23;Grand Eldritch Ember;Chaos Orb;25.7148;Low
Hardcore;2024-04-24;Grand Eldritch Ember;Chaos Orb;25.7148;Low
Hardcore;2024-04-27;Grand Eldritch Ember;Chaos Orb;21.429;Low
Hardcore;2024-07-19;Grand Eldritch Ember;Chaos Orb;28.572;Low
Hardcore;2024-07-20;Grand Eldritch Ember;Chaos Orb;28.572;Low
Hardcore;2024-07-21;Grand Eldritch Ember;Chaos Orb;28.572;Low
Hardcore;2024-07-22;Grand Eldritch Ember;Chaos Orb;28.572;Low
Hardcore;2024-07-23;Grand Eldritch Ember;Chaos Orb;28.572;Low
Hardcore;2024-07-23;Alva's Memory;Chaos Orb;105;Low
Hardcore;2024-07-23;Niko's Memory;Chaos Orb;105;Low
Hardcore;2024-06-02;Einhar's Memory;Chaos Orb;40;Low
Hardcore;2024-06-03;Einhar's Memory;Chaos Orb;40;Low
Hardcore;2024-06-04;Einhar's Memory;Chaos Orb;40;Low
Hardcore;2024-06-05;Einhar's Memory;Chaos Orb;40;Low
Hardcore;2024-06-06;Einhar's Memory;Chaos Orb;40;Low
Hardcore;2024-06-07;Einhar's Memory;Chaos Orb;40;Low
Hardcore;2024-06-08;Einhar's Memory;Chaos Orb;40;Low
Hardcore;2024-06-09;Einhar's Memory;Chaos Orb;40;Low
Hardcore;2024-07-23;Einhar's Memory;Chaos Orb;150;Low
Hardcore;2024-04-08;Kirac's Memory;Chaos Orb;45;Low
Hardcore;2024-04-09;Kirac's Memory;Chaos Orb;45;Low
Hardcore;2024-04-10;Kirac's Memory;Chaos Orb;45;Low
Hardcore;2024-04-11;Kirac's Memory;Chaos Orb;45;Low
Hardcore;2024-04-12;Kirac's Memory;Chaos Orb;45;Low
Hardcore;2024-04-13;Kirac's Memory;Chaos Orb;45;Low
Hardcore;2024-04-14;Kirac's Memory;Chaos Orb;45;Low
Hardcore;2024-04-15;Kirac's Memory;Chaos Orb;45;Low
Hardcore;2024-07-23;Kirac's Memory;Chaos Orb;100;Low
Hardcore;2024-04-04;Exceptional Eldritch Ichor;Chaos Orb;35;Low
Hardcore;2024-04-05;Exceptional Eldritch Ichor;Chaos Orb;35;Low
Hardcore;2024-04-04;Veiled Scarab;Chaos Orb;20;Low
Hardcore;2024-04-05;Veiled Scarab;Chaos Orb;20;Low
Hardcore;2024-04-06;Veiled Scarab;Chaos Orb;20;Low
Hardcore;2024-04-07;Veiled Scarab;Chaos Orb;20;Low
Hardcore;2024-04-08;Veiled Scarab;Chaos Orb;45;Low
Hardcore;2024-04-09;Veiled Scarab;Chaos Orb;45;Low
Hardcore;2024-04-10;Veiled Scarab;Chaos Orb;45;Low
Hardcore;2024-04-11;Veiled Scarab;Chaos Orb;45;Low
Hardcore;2024-04-12;Veiled Scarab;Chaos Orb;18;Low
Hardcore;2024-04-13;Veiled Scarab;Chaos Orb;18;Low
Hardcore;2024-04-14;Veiled Scarab;Chaos Orb;18;Low
Hardcore;2024-04-15;Veiled Scarab;Chaos Orb;15;Low
Hardcore;2024-04-16;Veiled Scarab;Chaos Orb;15;Low
Hardcore;2024-04-17;Veiled Scarab;Chaos Orb;15;Low
Hardcore;2024-04-18;Veiled Scarab;Chaos Orb;15;Low
Hardcore;2024-04-19;Veiled Scarab;Chaos Orb;15;Low
Hardcore;2024-04-21;Veiled Scarab;Chaos Orb;1800;Low
Hardcore;2024-04-22;Veiled Scarab;Chaos Orb;1800;Low
Hardcore;2024-04-23;Veiled Scarab;Chaos Orb;1800;Low
Hardcore;2024-04-24;Veiled Scarab;Chaos Orb;1800;Low
Hardcore;2024-04-27;Veiled Scarab;Chaos Orb;1500;Low
Hardcore;2024-06-17;Veiled Scarab;Chaos Orb;1;Low
Hardcore;2024-06-18;Veiled Scarab;Chaos Orb;1;Low
Hardcore;2024-07-18;Veiled Scarab;Chaos Orb;50;Low
Hardcore;2024-07-19;Veiled Scarab;Chaos Orb;50;Low
Hardcore;2024-07-20;Veiled Scarab;Chaos Orb;50;Low
Hardcore;2024-07-21;Veiled Scarab;Chaos Orb;50;Low
Hardcore;2024-07-22;Veiled Scarab;Chaos Orb;41;Low
Hardcore;2024-07-23;Veiled Scarab;Chaos Orb;41;Low
